question_id,lane,answer_type,round,K,evidence_mode,intervention,coverage_incomplete,tickers,parse_rate,gold_scoreable,tu,au,eu,tu_mm,au_mm,eu_mm,tu_norm,au_norm,eu_norm,eu_tu_ratio,predicted,p_noncommit,p_noncommit_fundamental,p_noncommit_trading,p_sys,agent_entropy_fundamental,agent_entropy_trading,k_eff_fundamental,k_eff_trading,gold_prob,correct,brier,nll,agent_gold_prob_fundamental,agent_gold_prob_trading,error,model,source_benchmark,hedgeqa_transformation,gold_commitment
hqa_CFQ_1279a468_masked,F,directional_change,0,10,hedgeqa_oracle,,False,,1.0,True,-0.0,0.0,-0.0,0.0,0.0,0.0,-0.0,0.0,-0.0,0.0,insufficient_data,1.0,1.0,1.0,"{""increased"": 0.0, ""decreased"": 0.0, ""roughly_unchanged"": 0.0, ""insufficient_data"": 1.0}",-0.0,-0.0,10,10,1.0,True,0.0,0.2876820724517809,1.0,1.0,,gemma4:latest,convfinqa,evidence_masked_insufficient,noncommitted
hqa_CFQ_1279a468_masked,F,directional_change,1,10,hedgeqa_oracle,,False,,1.0,True,-0.0,0.0,-0.0,0.0,0.0,0.0,-0.0,0.0,-0.0,0.0,insufficient_data,1.0,1.0,1.0,"{""increased"": 0.0, ""decreased"": 0.0, ""roughly_unchanged"": 0.0, ""insufficient_data"": 1.0}",-0.0,-0.0,10,10,1.0,True,0.0,0.2876820724517809,1.0,1.0,,gemma4:latest,convfinqa,evidence_masked_insufficient,noncommitted
hqa_CFQ_446ed3a5_masked,F,directional_change,0,10,hedgeqa_oracle,,False,,1.0,True,-0.0,0.0,-0.0,0.0,0.0,0.0,-0.0,0.0,-0.0,0.0,insufficient_data,1.0,1.0,1.0,"{""increased"": 0.0, ""decreased"": 0.0, ""roughly_unchanged"": 0.0, ""insufficient_data"": 1.0}",-0.0,-0.0,10,10,1.0,True,0.0,0.2876820724517809,1.0,1.0,,gemma4:latest,convfinqa,evidence_masked_insufficient,noncommitted
hqa_CFQ_446ed3a5_masked,F,directional_change,1,10,hedgeqa_oracle,,False,,1.0,True,-0.0,0.0,-0.0,0.0,0.0,0.0,-0.0,0.0,-0.0,0.0,insufficient_data,1.0,1.0,1.0,"{""increased"": 0.0, ""decreased"": 0.0, ""roughly_unchanged"": 0.0, ""insufficient_data"": 1.0}",-0.0,-0.0,10,10,1.0,True,0.0,0.2876820724517809,1.0,1.0,,gemma4:latest,convfinqa,evidence_masked_insufficient,noncommitted
hqa_CFQ_6e99706b_masked,F,directional_change,0,10,hedgeqa_oracle,,False,,1.0,True,-0.0,0.0,-0.0,0.0,0.0,0.0,-0.0,0.0,-0.0,0.0,insufficient_data,1.0,1.0,1.0,"{""increased"": 0.0, ""decreased"": 0.0, ""roughly_unchanged"": 0.0, ""insufficient_data"": 1.0}",-0.0,-0.0,10,10,1.0,True,0.0,0.2876820724517809,1.0,1.0,,gemma4:latest,convfinqa,evidence_masked_insufficient,noncommitted
hqa_CFQ_6e99706b_masked,F,directional_change,1,10,hedgeqa_oracle,,False,,1.0,True,-0.0,0.0,-0.0,0.0,0.0,0.0,-0.0,0.0,-0.0,0.0,insufficient_data,1.0,1.0,1.0,"{""increased"": 0.0, ""decreased"": 0.0, ""roughly_unchanged"": 0.0, ""insufficient_data"": 1.0}",-0.0,-0.0,10,10,1.0,True,0.0,0.2876820724517809,1.0,1.0,,gemma4:latest,convfinqa,evidence_masked_insufficient,noncommitted
hqa_CFQ_7897a7cc_masked,F,directional_change,0,10,hedgeqa_oracle,,False,,1.0,True,-0.0,0.0,-0.0,0.0,0.0,0.0,-0.0,0.0,-0.0,0.0,insufficient_data,1.0,1.0,1.0,"{""increased"": 0.0, ""decreased"": 0.0, ""roughly_unchanged"": 0.0, ""insufficient_data"": 1.0}",-0.0,-0.0,10,10,1.0,True,0.0,0.2876820724517809,1.0,1.0,,gemma4:latest,convfinqa,evidence_masked_insufficient,noncommitted
hqa_CFQ_7897a7cc_masked,F,directional_change,1,10,hedgeqa_oracle,,False,,1.0,True,-0.0,0.0,-0.0,0.0,0.0,0.0,-0.0,0.0,-0.0,0.0,insufficient_data,1.0,1.0,1.0,"{""increased"": 0.0, ""decreased"": 0.0, ""roughly_unchanged"": 0.0, ""insufficient_data"": 1.0}",-0.0,-0.0,10,10,1.0,True,0.0,0.2876820724517809,1.0,1.0,,gemma4:latest,convfinqa,evidence_masked_insufficient,noncommitted
hqa_CFQ_7f731a74_masked,F,directional_change,0,10,hedgeqa_oracle,,False,,1.0,True,-0.0,0.0,-0.0,0.0,0.0,0.0,-0.0,0.0,-0.0,0.0,insufficient_data,1.0,1.0,1.0,"{""increased"": 0.0, ""decreased"": 0.0, ""roughly_unchanged"": 0.0, ""insufficient_data"": 1.0}",-0.0,-0.0,10,10,1.0,True,0.0,0.2876820724517809,1.0,1.0,,gemma4:latest,convfinqa,evidence_masked_insufficient,noncommitted
hqa_CFQ_7f731a74_masked,F,directional_change,1,10,hedgeqa_oracle,,False,,1.0,True,-0.0,0.0,-0.0,0.0,0.0,0.0,-0.0,0.0,-0.0,0.0,insufficient_data,1.0,1.0,1.0,"{""increased"": 0.0, ""decreased"": 0.0, ""roughly_unchanged"": 0.0, ""insufficient_data"": 1.0}",-0.0,-0.0,10,10,1.0,True,0.0,0.2876820724517809,1.0,1.0,,gemma4:latest,convfinqa,evidence_masked_insufficient,noncommitted
hqa_FB_5dbbcec0_masked,F,yes_no,0,10,hedgeqa_oracle,,False,,1.0,True,-0.0,0.0,-0.0,0.0,0.0,0.0,-0.0,0.0,-0.0,0.0,no,0.0,0.0,0.0,"{""yes"": 0.0, ""no"": 1.0, ""insufficient_data"": 0.0}",-0.0,-0.0,10,10,0.0,False,2.0,2.1972245773362196,0.0,0.0,,gemma4:latest,financebench,evidence_masked_insufficient,noncommitted
hqa_FB_5dbbcec0_masked,F,yes_no,1,10,hedgeqa_oracle,,False,,1.0,True,-0.0,0.0,-0.0,0.0,0.0,0.0,-0.0,0.0,-0.0,0.0,no,0.0,0.0,0.0,"{""yes"": 0.0, ""no"": 1.0, ""insufficient_data"": 0.0}",-0.0,-0.0,10,10,0.0,False,2.0,2.1972245773362196,0.0,0.0,,gemma4:latest,financebench,evidence_masked_insufficient,noncommitted
hqa_FB_9fc58fab_masked,F,yes_no,0,10,hedgeqa_oracle,,False,,1.0,True,-0.0,0.0,-0.0,0.0,0.0,0.0,-0.0,0.0,-0.0,0.0,yes,0.0,0.0,0.0,"{""yes"": 1.0, ""no"": 0.0, ""insufficient_data"": 0.0}",-0.0,-0.0,10,10,0.0,False,2.0,2.1972245773362196,0.0,0.0,,gemma4:latest,financebench,evidence_masked_insufficient,noncommitted
hqa_FB_9fc58fab_masked,F,yes_no,1,10,hedgeqa_oracle,,False,,1.0,True,-0.0,0.0,-0.0,0.0,0.0,0.0,-0.0,0.0,-0.0,0.0,yes,0.0,0.0,0.0,"{""yes"": 1.0, ""no"": 0.0, ""insufficient_data"": 0.0}",-0.0,-0.0,10,10,0.0,False,2.0,2.1972245773362196,0.0,0.0,,gemma4:latest,financebench,evidence_masked_insufficient,noncommitted
hqa_FB_d397e71d_masked,F,yes_no,0,10,hedgeqa_oracle,,False,,1.0,True,0.5623351446188083,0.5556333627965406,0.006701781822267661,0.5873351446188083,0.6056333627965407,0.0,0.5118595071429147,0.505759282439992,0.006100224702922712,0.01191777161075468,no,0.0,0.0,0.0,"{""yes"": 0.25, ""no"": 0.75, ""insufficient_data"": 0.0}",0.5004024235381879,0.6108643020548935,10,10,0.0,False,1.625,2.1972245773362196,0.0,0.0,,gemma4:latest,financebench,evidence_masked_insufficient,noncommitted
hqa_FB_d397e71d_masked,F,yes_no,1,10,hedgeqa_oracle,,False,,1.0,True,0.1985152433458726,0.1625414866957241,0.035973756650148486,0.22351524334587258,0.1875414866957241,0.035973756650148486,0.18069636157678548,0.14795163714469228,0.032744724432093204,0.18121407728610292,no,0.05,0.1,0.0,"{""yes"": 0.0, ""no"": 0.95, ""insufficient_data"": 0.05}",0.3250829733914482,-0.0,10,10,0.05,False,1.805,1.934860312868728,0.1,0.0,,gemma4:latest,financebench,evidence_masked_insufficient,noncommitted
hqa_TAT_5ce27434_masked,F,directional_change,0,10,hedgeqa_oracle,,False,,1.0,True,-0.0,0.0,-0.0,0.0,0.0,0.0,-0.0,0.0,-0.0,0.0,insufficient_data,1.0,1.0,1.0,"{""increased"": 0.0, ""decreased"": 0.0, ""roughly_unchanged"": 0.0, ""insufficient_data"": 1.0}",-0.0,-0.0,10,10,1.0,True,0.0,0.2876820724517809,1.0,1.0,,gemma4:latest,tatqa,evidence_masked_insufficient,noncommitted
hqa_TAT_5ce27434_masked,F,directional_change,1,10,hedgeqa_oracle,,False,,1.0,True,-0.0,0.0,-0.0,0.0,0.0,0.0,-0.0,0.0,-0.0,0.0,insufficient_data,1.0,1.0,1.0,"{""increased"": 0.0, ""decreased"": 0.0, ""roughly_unchanged"": 0.0, ""insufficient_data"": 1.0}",-0.0,-0.0,10,10,1.0,True,0.0,0.2876820724517809,1.0,1.0,,gemma4:latest,tatqa,evidence_masked_insufficient,noncommitted
hqa_TAT_924db34b_masked,F,directional_change,0,10,hedgeqa_oracle,,False,,1.0,True,-0.0,0.0,-0.0,0.0,0.0,0.0,-0.0,0.0,-0.0,0.0,insufficient_data,1.0,1.0,1.0,"{""increased"": 0.0, ""decreased"": 0.0, ""roughly_unchanged"": 0.0, ""insufficient_data"": 1.0}",-0.0,-0.0,10,10,1.0,True,0.0,0.2876820724517809,1.0,1.0,,gemma4:latest,tatqa,evidence_masked_insufficient,noncommitted
hqa_TAT_924db34b_masked,F,directional_change,1,10,hedgeqa_oracle,,False,,1.0,True,-0.0,0.0,-0.0,0.0,0.0,0.0,-0.0,0.0,-0.0,0.0,insufficient_data,1.0,1.0,1.0,"{""increased"": 0.0, ""decreased"": 0.0, ""roughly_unchanged"": 0.0, ""insufficient_data"": 1.0}",-0.0,-0.0,10,10,1.0,True,0.0,0.2876820724517809,1.0,1.0,,gemma4:latest,tatqa,evidence_masked_insufficient,noncommitted
hqa_CFQ_1d1128f4_masked,F,directional_change,0,10,hedgeqa_oracle,,False,,1.0,True,-0.0,0.0,-0.0,0.0,0.0,0.0,-0.0,0.0,-0.0,0.0,insufficient_data,1.0,1.0,1.0,"{""increased"": 0.0, ""decreased"": 0.0, ""roughly_unchanged"": 0.0, ""insufficient_data"": 1.0}",-0.0,-0.0,10,10,1.0,True,0.0,0.2876820724517809,1.0,1.0,,gemma4:latest,convfinqa,evidence_masked_insufficient,noncommitted
hqa_CFQ_1d1128f4_masked,F,directional_change,1,10,hedgeqa_oracle,,False,,1.0,True,-0.0,0.0,-0.0,0.0,0.0,0.0,-0.0,0.0,-0.0,0.0,insufficient_data,1.0,1.0,1.0,"{""increased"": 0.0, ""decreased"": 0.0, ""roughly_unchanged"": 0.0, ""insufficient_data"": 1.0}",-0.0,-0.0,10,10,1.0,True,0.0,0.2876820724517809,1.0,1.0,,gemma4:latest,convfinqa,evidence_masked_insufficient,noncommitted
hqa_CFQ_3240be6a_masked,F,directional_change,0,10,hedgeqa_oracle,,False,,1.0,True,0.6730116670092565,0.46797363772317085,0.20503802928608567,0.6980116670092565,0.5179736377231708,0.1800380292860857,0.4854752972273344,0.33757162320499345,0.14790367402234092,0.30465746633671004,insufficient_data,0.6,0.9,0.3,"{""increased"": 0.4, ""decreased"": 0.0, ""roughly_unchanged"": 0.0, ""insufficient_data"": 0.6}",0.3250829733914482,0.6108643020548935,10,10,0.6,True,0.32,0.7270487322356266,0.9,0.3,,gemma4:latest,convfinqa,evidence_masked_insufficient,noncommitted
hqa_CFQ_3240be6a_masked,F,directional_change,1,10,hedgeqa_oracle,,False,,1.0,True,0.6931471805599453,0.0,0.6931471805599453,0.7181471805599453,0.0,0.7181471805599453,0.5,0.0,0.5,1.0,increased,0.5,0.0,1.0,"{""increased"": 0.5, ""decreased"": 0.0, ""roughly_unchanged"": 0.0, ""insufficient_data"": 0.5}",-0.0,-0.0,10,10,0.5,False,0.5,0.8754687373538999,0.0,1.0,,gemma4:latest,convfinqa,evidence_masked_insufficient,noncommitted
hqa_CFQ_378d381c_masked,F,directional_change,0,10,hedgeqa_oracle,,False,,1.0,True,-0.0,0.0,-0.0,0.0,0.0,0.0,-0.0,0.0,-0.0,0.0,insufficient_data,1.0,1.0,1.0,"{""increased"": 0.0, ""decreased"": 0.0, ""roughly_unchanged"": 0.0, ""insufficient_data"": 1.0}",-0.0,-0.0,10,10,1.0,True,0.0,0.2876820724517809,1.0,1.0,,gemma4:latest,convfinqa,evidence_masked_insufficient,noncommitted
hqa_CFQ_378d381c_masked,F,directional_change,1,10,hedgeqa_oracle,,False,,1.0,True,-0.0,0.0,-0.0,0.0,0.0,0.0,-0.0,0.0,-0.0,0.0,insufficient_data,1.0,1.0,1.0,"{""increased"": 0.0, ""decreased"": 0.0, ""roughly_unchanged"": 0.0, ""insufficient_data"": 1.0}",-0.0,-0.0,10,10,1.0,True,0.0,0.2876820724517809,1.0,1.0,,gemma4:latest,convfinqa,evidence_masked_insufficient,noncommitted
hqa_CFQ_4b27112b_masked,F,directional_change,0,10,hedgeqa_oracle,,False,,1.0,True,-0.0,0.0,-0.0,0.0,0.0,0.0,-0.0,0.0,-0.0,0.0,increased,0.0,0.0,0.0,"{""increased"": 1.0, ""decreased"": 0.0, ""roughly_unchanged"": 0.0, ""insufficient_data"": 0.0}",-0.0,-0.0,10,10,0.0,False,2.0,2.4849066497880004,0.0,0.0,,gemma4:latest,convfinqa,evidence_masked_insufficient,noncommitted
hqa_CFQ_4b27112b_masked,F,directional_change,1,10,hedgeqa_oracle,,False,,1.0,True,0.5181862130502128,0.40090927627166867,0.11727693677854417,0.5681862130502129,0.45090927627166866,0.11727693677854423,0.373792339912287,0.28919491236175987,0.08459742755052709,0.22632199357102523,insufficient_data,0.85,0.7,1.0,"{""increased"": 0.1, ""decreased"": 0.05, ""roughly_unchanged"": 0.0, ""insufficient_data"": 0.85}",0.8018185525433373,-0.0,10,10,0.85,True,0.03500000000000001,0.4307829160924542,0.7,1.0,,gemma4:latest,convfinqa,evidence_masked_insufficient,noncommitted
hqa_CFQ_64646a26_masked,F,directional_change,0,10,hedgeqa_oracle,,False,,1.0,True,-0.0,0.0,-0.0,0.0,0.0,0.0,-0.0,0.0,-0.0,0.0,insufficient_data,1.0,1.0,1.0,"{""increased"": 0.0, ""decreased"": 0.0, ""roughly_unchanged"": 0.0, ""insufficient_data"": 1.0}",-0.0,-0.0,10,10,1.0,True,0.0,0.2876820724517809,1.0,1.0,,gemma4:latest,convfinqa,evidence_masked_insufficient,noncommitted
hqa_CFQ_64646a26_masked,F,directional_change,1,10,hedgeqa_oracle,,False,,1.0,True,-0.0,0.0,-0.0,0.0,0.0,0.0,-0.0,0.0,-0.0,0.0,insufficient_data,1.0,1.0,1.0,"{""increased"": 0.0, ""decreased"": 0.0, ""roughly_unchanged"": 0.0, ""insufficient_data"": 1.0}",-0.0,-0.0,10,10,1.0,True,0.0,0.2876820724517809,1.0,1.0,,gemma4:latest,convfinqa,evidence_masked_insufficient,noncommitted
