question_id,lane,answer_type,round,K,evidence_mode,intervention,coverage_incomplete,tickers,parse_rate,gold_scoreable,tu,au,eu,tu_mm,au_mm,eu_mm,tu_norm,au_norm,eu_norm,eu_tu_ratio,predicted,p_noncommit,p_noncommit_fundamental,p_noncommit_trading,p_sys,agent_entropy_fundamental,agent_entropy_trading,k_eff_fundamental,k_eff_trading,gold_prob,correct,brier,nll,agent_gold_prob_fundamental,agent_gold_prob_trading,model
F1,F,yes_no_mixed,0,10,oracle_evidence,,True,AAPL,1.0,True,-0.0,0.0,-0.0,0.0,0.0,0.0,-0.0,0.0,-0.0,0.0,yes,0.0,0.0,0.0,"{""yes"": 1.0, ""no"": 0.0, ""mixed"": 0.0, ""insufficient_data"": 0.0}",-0.0,-0.0,10,10,0.0,False,2.0,2.4849066497880004,0.0,0.0,vllm:google/gemma-4-31B-it
F1,F,yes_no_mixed,1,10,oracle_evidence,,True,AAPL,1.0,True,-0.0,0.0,-0.0,0.0,0.0,0.0,-0.0,0.0,-0.0,0.0,yes,0.0,0.0,0.0,"{""yes"": 1.0, ""no"": 0.0, ""mixed"": 0.0, ""insufficient_data"": 0.0}",-0.0,-0.0,10,10,0.0,False,2.0,2.4849066497880004,0.0,0.0,vllm:google/gemma-4-31B-it
F10,F,open_summary_with_canonical_claim,0,10,oracle_evidence,,True,AVGO,1.0,True,0.6730116670092565,0.25020121176909393,0.4228104552401626,0.6980116670092565,0.27520121176909396,0.4228104552401626,0.6126016192893442,0.2277429575017976,0.38485866178754663,0.6282364421987758,claim_true,0.4,0.8,0.0,"{""claim_true"": 0.6, ""claim_false"": 0.0, ""mixed"": 0.4}",0.5004024235381879,-0.0,10,10,0.6,True,0.32000000000000006,0.6711682738411702,0.2,1.0,vllm:google/gemma-4-31B-it
F10,F,open_summary_with_canonical_claim,1,10,oracle_evidence,,True,AVGO,1.0,True,-0.0,0.0,-0.0,0.0,0.0,0.0,-0.0,0.0,-0.0,0.0,mixed,1.0,1.0,1.0,"{""claim_true"": 0.0, ""claim_false"": 0.0, ""mixed"": 1.0}",-0.0,-0.0,10,10,0.0,False,2.0,2.1972245773362196,0.0,0.0,vllm:google/gemma-4-31B-it
F11,F,yes_no_mixed,0,10,oracle_evidence,,True,TSLA,1.0,True,-0.0,0.0,-0.0,0.0,0.0,0.0,-0.0,0.0,-0.0,0.0,yes,0.0,0.0,0.0,"{""yes"": 1.0, ""no"": 0.0, ""mixed"": 0.0, ""insufficient_data"": 0.0}",-0.0,-0.0,10,10,1.0,True,0.0,0.2876820724517809,1.0,1.0,vllm:google/gemma-4-31B-it
F11,F,yes_no_mixed,1,10,oracle_evidence,,True,TSLA,1.0,True,-0.0,0.0,-0.0,0.0,0.0,0.0,-0.0,0.0,-0.0,0.0,yes,0.0,0.0,0.0,"{""yes"": 1.0, ""no"": 0.0, ""mixed"": 0.0, ""insufficient_data"": 0.0}",-0.0,-0.0,10,10,1.0,True,0.0,0.2876820724517809,1.0,1.0,vllm:google/gemma-4-31B-it
F12,F,company_choice,0,10,oracle_evidence,,False,AAPL|MSFT|GOOGL,1.0,True,-0.0,0.0,-0.0,0.0,0.0,0.0,-0.0,0.0,-0.0,0.0,GOOGL,0.0,0.0,0.0,"{""AAPL"": 0.0, ""MSFT"": 0.0, ""GOOGL"": 1.0, ""insufficient_data"": 0.0}",-0.0,-0.0,10,10,1.0,True,0.0,0.2876820724517809,1.0,1.0,vllm:google/gemma-4-31B-it
F12,F,company_choice,1,10,oracle_evidence,,False,AAPL|MSFT|GOOGL,1.0,True,-0.0,0.0,-0.0,0.0,0.0,0.0,-0.0,0.0,-0.0,0.0,GOOGL,0.0,0.0,0.0,"{""AAPL"": 0.0, ""MSFT"": 0.0, ""GOOGL"": 1.0, ""insufficient_data"": 0.0}",-0.0,-0.0,10,10,1.0,True,0.0,0.2876820724517809,1.0,1.0,vllm:google/gemma-4-31B-it
F13,F,yes_no_mixed,0,10,oracle_evidence,,True,NFLX,1.0,True,-0.0,0.0,-0.0,0.0,0.0,0.0,-0.0,0.0,-0.0,0.0,no,0.0,0.0,0.0,"{""yes"": 0.0, ""no"": 1.0, ""mixed"": 0.0, ""insufficient_data"": 0.0}",-0.0,-0.0,10,10,1.0,True,0.0,0.2876820724517809,1.0,1.0,vllm:google/gemma-4-31B-it
F13,F,yes_no_mixed,1,10,oracle_evidence,,True,NFLX,1.0,True,-0.0,0.0,-0.0,0.0,0.0,0.0,-0.0,0.0,-0.0,0.0,no,0.0,0.0,0.0,"{""yes"": 0.0, ""no"": 1.0, ""mixed"": 0.0, ""insufficient_data"": 0.0}",-0.0,-0.0,10,10,1.0,True,0.0,0.2876820724517809,1.0,1.0,vllm:google/gemma-4-31B-it
F14,F,yes_no_mixed,0,10,oracle_evidence,,True,,1.0,True,-0.0,0.0,-0.0,0.0,0.0,0.0,-0.0,0.0,-0.0,0.0,insufficient_data,1.0,1.0,1.0,"{""yes"": 0.0, ""no"": 0.0, ""mixed"": 0.0, ""insufficient_data"": 1.0}",-0.0,-0.0,10,10,0.0,False,2.0,2.4849066497880004,0.0,0.0,vllm:google/gemma-4-31B-it
F14,F,yes_no_mixed,1,10,oracle_evidence,,True,,1.0,True,-0.0,0.0,-0.0,0.0,0.0,0.0,-0.0,0.0,-0.0,0.0,insufficient_data,1.0,1.0,1.0,"{""yes"": 0.0, ""no"": 0.0, ""mixed"": 0.0, ""insufficient_data"": 1.0}",-0.0,-0.0,10,10,0.0,False,2.0,2.4849066497880004,0.0,0.0,vllm:google/gemma-4-31B-it
F15,F,graded_judgment,0,10,oracle_evidence,,False,QCOM,1.0,True,-0.0,0.0,-0.0,0.0,0.0,0.0,-0.0,0.0,-0.0,0.0,sound,0.0,0.0,0.0,"{""sound"": 1.0, ""mixed"": 0.0, ""weak"": 0.0, ""insufficient_data"": 0.0}",-0.0,-0.0,10,10,1.0,True,0.0,0.2876820724517809,1.0,1.0,vllm:google/gemma-4-31B-it
F15,F,graded_judgment,1,10,oracle_evidence,,False,QCOM,1.0,True,0.6931471805599453,0.0,0.6931471805599453,0.7181471805599453,0.0,0.7181471805599453,0.5,0.0,0.5,1.0,sound,0.5,1.0,0.0,"{""sound"": 0.5, ""mixed"": 0.0, ""weak"": 0.0, ""insufficient_data"": 0.5}",-0.0,-0.0,10,10,0.5,True,0.5,0.8754687373538999,0.0,1.0,vllm:google/gemma-4-31B-it
F16,F,yes_no_mixed,0,10,oracle_evidence,,False,AMZN,1.0,True,0.6931471805599453,0.0,0.6931471805599453,0.7181471805599453,0.0,0.7181471805599453,0.5,0.0,0.5,1.0,no,0.5,0.0,1.0,"{""yes"": 0.0, ""no"": 0.5, ""mixed"": 0.0, ""insufficient_data"": 0.5}",-0.0,-0.0,10,10,0.5,True,0.5,0.8754687373538999,1.0,0.0,vllm:google/gemma-4-31B-it
F16,F,yes_no_mixed,1,10,oracle_evidence,,False,AMZN,1.0,True,-0.0,0.0,-0.0,0.0,0.0,0.0,-0.0,0.0,-0.0,0.0,no,0.0,0.0,0.0,"{""yes"": 0.0, ""no"": 1.0, ""mixed"": 0.0, ""insufficient_data"": 0.0}",-0.0,-0.0,10,10,1.0,True,0.0,0.2876820724517809,1.0,1.0,vllm:google/gemma-4-31B-it
F17,F,open_summary_with_canonical_claim,0,10,oracle_evidence,,True,,1.0,True,1.0296530140645737,0.33650583350462826,0.6931471805599454,1.0796530140645737,0.3615058335046283,0.7181471805599454,0.9372305632161295,0.3063008096446721,0.6309297535714574,0.6731852100580317,claim_true,0.3,0.0,0.6,"{""claim_true"": 0.5, ""claim_false"": 0.2, ""mixed"": 0.3}",-0.0,0.6730116670092565,10,10,0.5,True,0.38,0.8109302162163288,1.0,0.0,vllm:google/gemma-4-31B-it
F17,F,open_summary_with_canonical_claim,1,10,oracle_evidence,,True,,1.0,True,0.6931471805599453,0.0,0.6931471805599453,0.7181471805599453,0.0,0.7181471805599453,0.6309297535714574,0.0,0.6309297535714574,1.0,claim_true,0.5,1.0,0.0,"{""claim_true"": 0.5, ""claim_false"": 0.0, ""mixed"": 0.5}",-0.0,-0.0,10,10,0.5,True,0.5,0.8109302162163288,0.0,1.0,vllm:google/gemma-4-31B-it
F18,F,yes_no_mixed,0,10,oracle_evidence,,True,META,1.0,True,-0.0,0.0,-0.0,0.0,0.0,0.0,-0.0,0.0,-0.0,0.0,yes,0.0,0.0,0.0,"{""yes"": 1.0, ""no"": 0.0, ""mixed"": 0.0, ""insufficient_data"": 0.0}",-0.0,-0.0,10,10,1.0,True,0.0,0.2876820724517809,1.0,1.0,vllm:google/gemma-4-31B-it
F18,F,yes_no_mixed,1,10,oracle_evidence,,True,META,1.0,True,-0.0,0.0,-0.0,0.0,0.0,0.0,-0.0,0.0,-0.0,0.0,yes,0.0,0.0,0.0,"{""yes"": 1.0, ""no"": 0.0, ""mixed"": 0.0, ""insufficient_data"": 0.0}",-0.0,-0.0,10,10,1.0,True,0.0,0.2876820724517809,1.0,1.0,vllm:google/gemma-4-31B-it
F19,F,company_choice,0,10,oracle_evidence,,False,AMD|INTC,1.0,True,-0.0,0.0,-0.0,0.0,0.0,0.0,-0.0,0.0,-0.0,0.0,AMD,0.0,0.0,0.0,"{""AMD"": 1.0, ""INTC"": 0.0, ""insufficient_data"": 0.0}",-0.0,-0.0,10,10,1.0,True,0.0,0.25131442828090605,1.0,1.0,vllm:google/gemma-4-31B-it
F19,F,company_choice,1,10,oracle_evidence,,False,AMD|INTC,1.0,True,-0.0,0.0,-0.0,0.0,0.0,0.0,-0.0,0.0,-0.0,0.0,AMD,0.0,0.0,0.0,"{""AMD"": 1.0, ""INTC"": 0.0, ""insufficient_data"": 0.0}",-0.0,-0.0,10,10,1.0,True,0.0,0.25131442828090605,1.0,1.0,vllm:google/gemma-4-31B-it
F2,F,company_choice,0,10,oracle_evidence,,False,MSFT|GOOGL,1.0,True,-0.0,0.0,-0.0,0.0,0.0,0.0,-0.0,0.0,-0.0,0.0,GOOGL,0.0,0.0,0.0,"{""MSFT"": 0.0, ""GOOGL"": 1.0, ""insufficient_data"": 0.0}",-0.0,-0.0,10,10,1.0,True,0.0,0.25131442828090605,1.0,1.0,vllm:google/gemma-4-31B-it
F2,F,company_choice,1,10,oracle_evidence,,False,MSFT|GOOGL,1.0,True,-0.0,0.0,-0.0,0.0,0.0,0.0,-0.0,0.0,-0.0,0.0,GOOGL,0.0,0.0,0.0,"{""MSFT"": 0.0, ""GOOGL"": 1.0, ""insufficient_data"": 0.0}",-0.0,-0.0,10,10,1.0,True,0.0,0.25131442828090605,1.0,1.0,vllm:google/gemma-4-31B-it
F20,F,yes_no_mixed,0,10,oracle_evidence,,True,META,1.0,True,-0.0,0.0,-0.0,0.0,0.0,0.0,-0.0,0.0,-0.0,0.0,no,0.0,0.0,0.0,"{""yes"": 0.0, ""no"": 1.0, ""mixed"": 0.0, ""insufficient_data"": 0.0}",-0.0,-0.0,10,10,1.0,True,0.0,0.2876820724517809,1.0,1.0,vllm:google/gemma-4-31B-it
F20,F,yes_no_mixed,1,10,oracle_evidence,,True,META,1.0,True,-0.0,0.0,-0.0,0.0,0.0,0.0,-0.0,0.0,-0.0,0.0,no,0.0,0.0,0.0,"{""yes"": 0.0, ""no"": 1.0, ""mixed"": 0.0, ""insufficient_data"": 0.0}",-0.0,-0.0,10,10,1.0,True,0.0,0.2876820724517809,1.0,1.0,vllm:google/gemma-4-31B-it
F21,F,company_choice,0,10,oracle_evidence,,True,MSFT|AAPL,1.0,True,-0.0,0.0,-0.0,0.0,0.0,0.0,-0.0,0.0,-0.0,0.0,AAPL,0.0,0.0,0.0,"{""MSFT"": 0.0, ""AAPL"": 1.0, ""similar"": 0.0, ""insufficient_data"": 0.0}",-0.0,-0.0,10,10,0.0,False,2.0,2.4849066497880004,0.0,0.0,vllm:google/gemma-4-31B-it
F21,F,company_choice,1,10,oracle_evidence,,True,MSFT|AAPL,1.0,True,-0.0,0.0,-0.0,0.0,0.0,0.0,-0.0,0.0,-0.0,0.0,AAPL,0.0,0.0,0.0,"{""MSFT"": 0.0, ""AAPL"": 1.0, ""similar"": 0.0, ""insufficient_data"": 0.0}",-0.0,-0.0,10,10,0.0,False,2.0,2.4849066497880004,0.0,0.0,vllm:google/gemma-4-31B-it
F22,F,open_summary_with_canonical_claim,0,10,oracle_evidence,,True,TSLA,1.0,True,-0.0,0.0,-0.0,0.0,0.0,0.0,-0.0,0.0,-0.0,0.0,claim_true,0.0,0.0,0.0,"{""claim_true"": 1.0, ""claim_false"": 0.0, ""mixed"": 0.0}",-0.0,-0.0,10,10,1.0,True,0.0,0.25131442828090605,1.0,1.0,vllm:google/gemma-4-31B-it
F22,F,open_summary_with_canonical_claim,1,10,oracle_evidence,,True,TSLA,1.0,True,-0.0,0.0,-0.0,0.0,0.0,0.0,-0.0,0.0,-0.0,0.0,claim_true,0.0,0.0,0.0,"{""claim_true"": 1.0, ""claim_false"": 0.0, ""mixed"": 0.0}",-0.0,-0.0,10,10,1.0,True,0.0,0.25131442828090605,1.0,1.0,vllm:google/gemma-4-31B-it
F23,F,valuation_judgment,0,10,oracle_evidence,,True,,1.0,True,-0.0,0.0,-0.0,0.0,0.0,0.0,-0.0,0.0,-0.0,0.0,insufficient_data,1.0,1.0,1.0,"{""expensive"": 0.0, ""fair"": 0.0, ""cheap"": 0.0, ""insufficient_data"": 1.0}",-0.0,-0.0,10,10,0.0,False,2.0,2.4849066497880004,0.0,0.0,vllm:google/gemma-4-31B-it
F23,F,valuation_judgment,1,10,oracle_evidence,,True,,1.0,True,-0.0,0.0,-0.0,0.0,0.0,0.0,-0.0,0.0,-0.0,0.0,insufficient_data,1.0,1.0,1.0,"{""expensive"": 0.0, ""fair"": 0.0, ""cheap"": 0.0, ""insufficient_data"": 1.0}",-0.0,-0.0,10,10,0.0,False,2.0,2.4849066497880004,0.0,0.0,vllm:google/gemma-4-31B-it
F24,F,category_choice,0,10,oracle_evidence,,True,AMZN,1.0,True,-0.0,0.0,-0.0,0.0,0.0,0.0,-0.0,0.0,-0.0,0.0,growth,0.0,0.0,0.0,"{""growth"": 1.0, ""value"": 0.0, ""mixed"": 0.0, ""insufficient_data"": 0.0}",-0.0,-0.0,10,10,1.0,True,0.0,0.2876820724517809,1.0,1.0,vllm:google/gemma-4-31B-it
F24,F,category_choice,1,10,oracle_evidence,,True,AMZN,1.0,True,-0.0,0.0,-0.0,0.0,0.0,0.0,-0.0,0.0,-0.0,0.0,growth,0.0,0.0,0.0,"{""growth"": 1.0, ""value"": 0.0, ""mixed"": 0.0, ""insufficient_data"": 0.0}",-0.0,-0.0,10,10,1.0,True,0.0,0.2876820724517809,1.0,1.0,vllm:google/gemma-4-31B-it
F25,F,company_choice,0,10,oracle_evidence,,True,NFLX|DIS,1.0,True,-0.0,0.0,-0.0,0.0,0.0,0.0,-0.0,0.0,-0.0,0.0,insufficient_data,1.0,1.0,1.0,"{""NFLX"": 0.0, ""DIS"": 0.0, ""insufficient_data"": 1.0}",-0.0,-0.0,10,10,1.0,True,0.0,0.25131442828090605,1.0,1.0,vllm:google/gemma-4-31B-it
F25,F,company_choice,1,10,oracle_evidence,,True,NFLX|DIS,1.0,True,-0.0,0.0,-0.0,0.0,0.0,0.0,-0.0,0.0,-0.0,0.0,insufficient_data,1.0,1.0,1.0,"{""NFLX"": 0.0, ""DIS"": 0.0, ""insufficient_data"": 1.0}",-0.0,-0.0,10,10,1.0,True,0.0,0.25131442828090605,1.0,1.0,vllm:google/gemma-4-31B-it
F26,F,valuation_judgment,0,10,oracle_evidence,,True,,1.0,True,-0.0,0.0,-0.0,0.0,0.0,0.0,-0.0,0.0,-0.0,0.0,insufficient_data,1.0,1.0,1.0,"{""undervalued"": 0.0, ""fairly_priced"": 0.0, ""overvalued"": 0.0, ""insufficient_data"": 1.0}",-0.0,-0.0,10,10,0.0,False,2.0,2.4849066497880004,0.0,0.0,vllm:google/gemma-4-31B-it
F26,F,valuation_judgment,1,10,oracle_evidence,,True,,1.0,True,-0.0,0.0,-0.0,0.0,0.0,0.0,-0.0,0.0,-0.0,0.0,insufficient_data,1.0,1.0,1.0,"{""undervalued"": 0.0, ""fairly_priced"": 0.0, ""overvalued"": 0.0, ""insufficient_data"": 1.0}",-0.0,-0.0,10,10,0.0,False,2.0,2.4849066497880004,0.0,0.0,vllm:google/gemma-4-31B-it
F27,F,open_summary_with_canonical_claim,0,10,oracle_evidence,,True,NVDA,1.0,True,-0.0,0.0,-0.0,0.0,0.0,0.0,-0.0,0.0,-0.0,0.0,claim_true,0.0,0.0,0.0,"{""claim_true"": 1.0, ""claim_false"": 0.0, ""mixed"": 0.0}",-0.0,-0.0,10,10,1.0,True,0.0,0.25131442828090605,1.0,1.0,vllm:google/gemma-4-31B-it
F27,F,open_summary_with_canonical_claim,1,10,oracle_evidence,,True,NVDA,1.0,True,-0.0,0.0,-0.0,0.0,0.0,0.0,-0.0,0.0,-0.0,0.0,claim_true,0.0,0.0,0.0,"{""claim_true"": 1.0, ""claim_false"": 0.0, ""mixed"": 0.0}",-0.0,-0.0,10,10,1.0,True,0.0,0.25131442828090605,1.0,1.0,vllm:google/gemma-4-31B-it
F28,F,valuation_judgment,0,10,oracle_evidence,,True,,1.0,True,-0.0,0.0,-0.0,0.0,0.0,0.0,-0.0,0.0,-0.0,0.0,insufficient_data,1.0,1.0,1.0,"{""expensive"": 0.0, ""fair"": 0.0, ""cheap"": 0.0, ""insufficient_data"": 1.0}",-0.0,-0.0,10,10,0.0,False,2.0,2.4849066497880004,0.0,0.0,vllm:google/gemma-4-31B-it
F28,F,valuation_judgment,1,10,oracle_evidence,,True,,1.0,True,-0.0,0.0,-0.0,0.0,0.0,0.0,-0.0,0.0,-0.0,0.0,insufficient_data,1.0,1.0,1.0,"{""expensive"": 0.0, ""fair"": 0.0, ""cheap"": 0.0, ""insufficient_data"": 1.0}",-0.0,-0.0,10,10,0.0,False,2.0,2.4849066497880004,0.0,0.0,vllm:google/gemma-4-31B-it
F29,F,company_choice,0,10,oracle_evidence,,True,QCOM|INTC,1.0,True,-0.0,0.0,-0.0,0.0,0.0,0.0,-0.0,0.0,-0.0,0.0,QCOM,0.0,0.0,0.0,"{""QCOM"": 1.0, ""INTC"": 0.0, ""insufficient_data"": 0.0}",-0.0,-0.0,10,10,1.0,True,0.0,0.25131442828090605,1.0,1.0,vllm:google/gemma-4-31B-it
F29,F,company_choice,1,10,oracle_evidence,,True,QCOM|INTC,1.0,True,-0.0,0.0,-0.0,0.0,0.0,0.0,-0.0,0.0,-0.0,0.0,QCOM,0.0,0.0,0.0,"{""QCOM"": 1.0, ""INTC"": 0.0, ""insufficient_data"": 0.0}",-0.0,-0.0,10,10,1.0,True,0.0,0.25131442828090605,1.0,1.0,vllm:google/gemma-4-31B-it
F3,F,graded_judgment,0,10,oracle_evidence,,True,TSLA,1.0,True,-0.0,0.0,-0.0,0.0,0.0,0.0,-0.0,0.0,-0.0,0.0,insufficient_data,1.0,1.0,1.0,"{""higher"": 0.0, ""similar"": 0.0, ""lower"": 0.0, ""insufficient_data"": 1.0}",-0.0,-0.0,10,10,1.0,True,0.0,0.2876820724517809,1.0,1.0,vllm:google/gemma-4-31B-it
F3,F,graded_judgment,1,10,oracle_evidence,,True,TSLA,1.0,True,-0.0,0.0,-0.0,0.0,0.0,0.0,-0.0,0.0,-0.0,0.0,insufficient_data,1.0,1.0,1.0,"{""higher"": 0.0, ""similar"": 0.0, ""lower"": 0.0, ""insufficient_data"": 1.0}",-0.0,-0.0,10,10,1.0,True,0.0,0.2876820724517809,1.0,1.0,vllm:google/gemma-4-31B-it
F30,F,yes_no_mixed,0,10,oracle_evidence,,True,META,1.0,True,-0.0,0.0,-0.0,0.0,0.0,0.0,-0.0,0.0,-0.0,0.0,mixed,1.0,1.0,1.0,"{""yes"": 0.0, ""no"": 0.0, ""mixed"": 1.0, ""insufficient_data"": 0.0}",-0.0,-0.0,10,10,1.0,True,0.0,0.2876820724517809,1.0,1.0,vllm:google/gemma-4-31B-it
F30,F,yes_no_mixed,1,10,oracle_evidence,,True,META,1.0,True,-0.0,0.0,-0.0,0.0,0.0,0.0,-0.0,0.0,-0.0,0.0,mixed,1.0,1.0,1.0,"{""yes"": 0.0, ""no"": 0.0, ""mixed"": 1.0, ""insufficient_data"": 0.0}",-0.0,-0.0,10,10,1.0,True,0.0,0.2876820724517809,1.0,1.0,vllm:google/gemma-4-31B-it
F31,F,company_choice,0,10,oracle_evidence,,False,AMZN|WMT|COST,1.0,True,-0.0,0.0,-0.0,0.0,0.0,0.0,-0.0,0.0,-0.0,0.0,COST,0.0,0.0,0.0,"{""AMZN"": 0.0, ""WMT"": 0.0, ""COST"": 1.0, ""insufficient_data"": 0.0}",-0.0,-0.0,10,10,1.0,True,0.0,0.2876820724517809,1.0,1.0,vllm:google/gemma-4-31B-it
F31,F,company_choice,1,10,oracle_evidence,,False,AMZN|WMT|COST,1.0,True,-0.0,0.0,-0.0,0.0,0.0,0.0,-0.0,0.0,-0.0,0.0,COST,0.0,0.0,0.0,"{""AMZN"": 0.0, ""WMT"": 0.0, ""COST"": 1.0, ""insufficient_data"": 0.0}",-0.0,-0.0,10,10,1.0,True,0.0,0.2876820724517809,1.0,1.0,vllm:google/gemma-4-31B-it
F32,F,open_summary_with_canonical_claim,0,10,oracle_evidence,,False,NVDA,1.0,True,0.5623351446188083,0.34657359027997264,0.21576155433883565,0.5873351446188083,0.37157359027997267,0.21576155433883565,0.5118595071429147,0.3154648767857287,0.1963946303571861,0.3836885465963443,mixed,0.75,1.0,0.5,"{""claim_true"": 0.25, ""claim_false"": 0.0, ""mixed"": 0.75}",-0.0,0.6931471805599453,10,10,0.25,False,1.125,1.2809338454620642,0.0,0.5,vllm:google/gemma-4-31B-it
F32,F,open_summary_with_canonical_claim,1,10,oracle_evidence,,False,NVDA,1.0,True,-0.0,0.0,-0.0,0.0,0.0,0.0,-0.0,0.0,-0.0,0.0,mixed,1.0,1.0,1.0,"{""claim_true"": 0.0, ""claim_false"": 0.0, ""mixed"": 1.0}",-0.0,-0.0,10,10,0.0,False,2.0,2.1972245773362196,0.0,0.0,vllm:google/gemma-4-31B-it
F33,F,yes_no_mixed,0,10,oracle_evidence,,True,TSLA,1.0,True,-0.0,0.0,-0.0,0.0,0.0,0.0,-0.0,0.0,-0.0,0.0,no,0.0,0.0,0.0,"{""yes"": 0.0, ""no"": 1.0, ""mixed"": 0.0, ""insufficient_data"": 0.0}",-0.0,-0.0,10,10,1.0,True,0.0,0.2876820724517809,1.0,1.0,vllm:google/gemma-4-31B-it
F33,F,yes_no_mixed,1,10,oracle_evidence,,True,TSLA,1.0,True,-0.0,0.0,-0.0,0.0,0.0,0.0,-0.0,0.0,-0.0,0.0,no,0.0,0.0,0.0,"{""yes"": 0.0, ""no"": 1.0, ""mixed"": 0.0, ""insufficient_data"": 0.0}",-0.0,-0.0,10,10,1.0,True,0.0,0.2876820724517809,1.0,1.0,vllm:google/gemma-4-31B-it
F34,F,graded_judgment,0,10,oracle_evidence,,False,GOOGL,1.0,True,-0.0,0.0,-0.0,0.0,0.0,0.0,-0.0,0.0,-0.0,0.0,insufficient_data,1.0,1.0,1.0,"{""more_efficient"": 0.0, ""similar"": 0.0, ""less_efficient"": 0.0, ""insufficient_data"": 1.0}",-0.0,-0.0,10,10,0.0,False,2.0,2.4849066497880004,0.0,0.0,vllm:google/gemma-4-31B-it
F34,F,graded_judgment,1,10,oracle_evidence,,False,GOOGL,1.0,True,-0.0,0.0,-0.0,0.0,0.0,0.0,-0.0,0.0,-0.0,0.0,insufficient_data,1.0,1.0,1.0,"{""more_efficient"": 0.0, ""similar"": 0.0, ""less_efficient"": 0.0, ""insufficient_data"": 1.0}",-0.0,-0.0,10,10,0.0,False,2.0,2.4849066497880004,0.0,0.0,vllm:google/gemma-4-31B-it
F35,F,open_summary_with_canonical_claim,0,10,oracle_evidence,,False,AAPL,1.0,True,-0.0,0.0,-0.0,0.0,0.0,0.0,-0.0,0.0,-0.0,0.0,claim_true,0.0,0.0,0.0,"{""claim_true"": 1.0, ""claim_false"": 0.0, ""mixed"": 0.0}",-0.0,-0.0,10,10,1.0,True,0.0,0.25131442828090605,1.0,1.0,vllm:google/gemma-4-31B-it
F35,F,open_summary_with_canonical_claim,1,10,oracle_evidence,,False,AAPL,1.0,True,-0.0,0.0,-0.0,0.0,0.0,0.0,-0.0,0.0,-0.0,0.0,claim_true,0.0,0.0,0.0,"{""claim_true"": 1.0, ""claim_false"": 0.0, ""mixed"": 0.0}",-0.0,-0.0,10,10,1.0,True,0.0,0.25131442828090605,1.0,1.0,vllm:google/gemma-4-31B-it
F36,F,yes_no_mixed,0,10,oracle_evidence,,False,AMD,1.0,True,-0.0,0.0,-0.0,0.0,0.0,0.0,-0.0,0.0,-0.0,0.0,insufficient_data,1.0,1.0,1.0,"{""yes"": 0.0, ""no"": 0.0, ""mixed"": 0.0, ""insufficient_data"": 1.0}",-0.0,-0.0,10,10,0.0,False,2.0,2.4849066497880004,0.0,0.0,vllm:google/gemma-4-31B-it
F36,F,yes_no_mixed,1,10,oracle_evidence,,False,AMD,1.0,True,-0.0,0.0,-0.0,0.0,0.0,0.0,-0.0,0.0,-0.0,0.0,insufficient_data,1.0,1.0,1.0,"{""yes"": 0.0, ""no"": 0.0, ""mixed"": 0.0, ""insufficient_data"": 1.0}",-0.0,-0.0,10,10,0.0,False,2.0,2.4849066497880004,0.0,0.0,vllm:google/gemma-4-31B-it
F37,F,company_choice,0,10,oracle_evidence,,False,NFLX|AAPL,1.0,True,-0.0,0.0,-0.0,0.0,0.0,0.0,-0.0,0.0,-0.0,0.0,AAPL,0.0,0.0,0.0,"{""NFLX"": 0.0, ""AAPL"": 1.0, ""insufficient_data"": 0.0}",-0.0,-0.0,10,10,1.0,True,0.0,0.25131442828090605,1.0,1.0,vllm:google/gemma-4-31B-it
F37,F,company_choice,1,10,oracle_evidence,,False,NFLX|AAPL,1.0,True,-0.0,0.0,-0.0,0.0,0.0,0.0,-0.0,0.0,-0.0,0.0,AAPL,0.0,0.0,0.0,"{""NFLX"": 0.0, ""AAPL"": 1.0, ""insufficient_data"": 0.0}",-0.0,-0.0,10,10,1.0,True,0.0,0.25131442828090605,1.0,1.0,vllm:google/gemma-4-31B-it
F38,F,category_choice,0,10,oracle_evidence,,True,,1.0,True,-0.0,0.0,-0.0,0.0,0.0,0.0,-0.0,0.0,-0.0,0.0,insufficient_data,1.0,1.0,1.0,"{""productive"": 0.0, ""aging"": 0.0, ""mixed"": 0.0, ""insufficient_data"": 1.0}",-0.0,-0.0,10,10,0.0,False,2.0,2.4849066497880004,0.0,0.0,vllm:google/gemma-4-31B-it
F38,F,category_choice,1,10,oracle_evidence,,True,,1.0,True,-0.0,0.0,-0.0,0.0,0.0,0.0,-0.0,0.0,-0.0,0.0,insufficient_data,1.0,1.0,1.0,"{""productive"": 0.0, ""aging"": 0.0, ""mixed"": 0.0, ""insufficient_data"": 1.0}",-0.0,-0.0,10,10,0.0,False,2.0,2.4849066497880004,0.0,0.0,vllm:google/gemma-4-31B-it
F39,F,graded_judgment,0,10,oracle_evidence,,False,AVGO,1.0,True,-0.0,0.0,-0.0,0.0,0.0,0.0,-0.0,0.0,-0.0,0.0,moderate,0.0,0.0,0.0,"{""efficient"": 0.0, ""moderate"": 1.0, ""inefficient"": 0.0, ""insufficient_data"": 0.0}",-0.0,-0.0,10,10,1.0,True,0.0,0.2876820724517809,1.0,1.0,vllm:google/gemma-4-31B-it
F39,F,graded_judgment,1,10,oracle_evidence,,False,AVGO,1.0,True,0.1985152433458726,0.1625414866957241,0.035973756650148486,0.22351524334587258,0.1875414866957241,0.035973756650148486,0.1431984785579781,0.11724889839732029,0.025949580160657796,0.18121407728610292,moderate,0.0,0.0,0.0,"{""efficient"": 0.0, ""moderate"": 0.95, ""inefficient"": 0.05, ""insufficient_data"": 0.0}",0.3250829733914482,-0.0,10,10,0.95,True,0.0050000000000000044,0.33314444652853825,0.9,1.0,vllm:google/gemma-4-31B-it
F4,F,yes_no_mixed,0,10,oracle_evidence,,True,NVDA,1.0,True,-0.0,0.0,-0.0,0.0,0.0,0.0,-0.0,0.0,-0.0,0.0,mixed,1.0,1.0,1.0,"{""yes"": 0.0, ""no"": 0.0, ""mixed"": 1.0, ""insufficient_data"": 0.0}",-0.0,-0.0,10,10,0.0,False,2.0,2.4849066497880004,0.0,0.0,vllm:google/gemma-4-31B-it
F4,F,yes_no_mixed,1,10,oracle_evidence,,True,NVDA,1.0,True,-0.0,0.0,-0.0,0.0,0.0,0.0,-0.0,0.0,-0.0,0.0,mixed,1.0,1.0,1.0,"{""yes"": 0.0, ""no"": 0.0, ""mixed"": 1.0, ""insufficient_data"": 0.0}",-0.0,-0.0,10,10,0.0,False,2.0,2.4849066497880004,0.0,0.0,vllm:google/gemma-4-31B-it
F40,F,company_choice,0,10,oracle_evidence,,False,NFLX|ROKU,1.0,True,-0.0,0.0,-0.0,0.0,0.0,0.0,-0.0,0.0,-0.0,0.0,NFLX,0.0,0.0,0.0,"{""NFLX"": 1.0, ""ROKU"": 0.0, ""insufficient_data"": 0.0}",-0.0,-0.0,10,10,0.0,False,2.0,2.1972245773362196,0.0,0.0,vllm:google/gemma-4-31B-it
F40,F,company_choice,1,10,oracle_evidence,,False,NFLX|ROKU,1.0,True,0.6931471805599453,0.0,0.6931471805599453,0.7181471805599453,0.0,0.7181471805599453,0.6309297535714574,0.0,0.6309297535714574,1.0,NFLX,0.5,1.0,0.0,"{""NFLX"": 0.5, ""ROKU"": 0.0, ""insufficient_data"": 0.5}",-0.0,-0.0,10,10,0.5,False,0.5,0.8109302162163288,1.0,0.0,vllm:google/gemma-4-31B-it
F41,F,screening_top1,0,10,oracle_evidence,,False,KHC|CCEP|CSCO|TXN,1.0,True,-0.0,0.0,-0.0,0.0,0.0,0.0,-0.0,0.0,-0.0,0.0,KHC,0.0,0.0,0.0,"{""KHC"": 1.0, ""CCEP"": 0.0, ""CSCO"": 0.0, ""TXN"": 0.0, ""none_clear"": 0.0}",-0.0,-0.0,10,10,1.0,True,0.0,0.31015492830383945,1.0,1.0,vllm:google/gemma-4-31B-it
F41,F,screening_top1,1,10,oracle_evidence,,False,KHC|CCEP|CSCO|TXN,1.0,True,0.6931471805599453,0.0,0.6931471805599453,0.7181471805599453,0.0,0.7181471805599453,0.43067655807339306,0.0,0.43067655807339306,1.0,KHC,0.5,1.0,0.0,"{""KHC"": 0.5, ""CCEP"": 0.0, ""CSCO"": 0.0, ""TXN"": 0.0, ""none_clear"": 0.5}",-0.0,-0.0,10,10,0.5,True,0.5,0.916290731874155,0.0,1.0,vllm:google/gemma-4-31B-it
F42,F,yes_no_mixed,0,10,oracle_evidence,,False,AAPL|MSFT,1.0,True,-0.0,0.0,-0.0,0.0,0.0,0.0,-0.0,0.0,-0.0,0.0,yes,0.0,0.0,0.0,"{""yes"": 1.0, ""no"": 0.0, ""mixed"": 0.0, ""insufficient_data"": 0.0}",-0.0,-0.0,10,10,0.0,False,2.0,2.4849066497880004,0.0,0.0,vllm:google/gemma-4-31B-it
F42,F,yes_no_mixed,1,10,oracle_evidence,,False,AAPL|MSFT,1.0,True,0.1985152433458726,0.1625414866957241,0.035973756650148486,0.22351524334587258,0.1875414866957241,0.035973756650148486,0.1431984785579781,0.11724889839732029,0.025949580160657796,0.18121407728610292,yes,0.05,0.1,0.0,"{""yes"": 0.95, ""no"": 0.0, ""mixed"": 0.0, ""insufficient_data"": 0.05}",0.3250829733914482,-0.0,10,10,0.0,False,1.9049999999999998,2.4849066497880004,0.0,0.0,vllm:google/gemma-4-31B-it
F43,F,yes_no_mixed,0,10,oracle_evidence,,True,AAPL,1.0,True,-0.0,0.0,-0.0,0.0,0.0,0.0,-0.0,0.0,-0.0,0.0,yes,0.0,0.0,0.0,"{""yes"": 1.0, ""no"": 0.0, ""mixed"": 0.0, ""insufficient_data"": 0.0}",-0.0,-0.0,10,10,1.0,True,0.0,0.2876820724517809,1.0,1.0,vllm:google/gemma-4-31B-it
F43,F,yes_no_mixed,1,10,oracle_evidence,,True,AAPL,1.0,True,-0.0,0.0,-0.0,0.0,0.0,0.0,-0.0,0.0,-0.0,0.0,yes,0.0,0.0,0.0,"{""yes"": 1.0, ""no"": 0.0, ""mixed"": 0.0, ""insufficient_data"": 0.0}",-0.0,-0.0,10,10,1.0,True,0.0,0.2876820724517809,1.0,1.0,vllm:google/gemma-4-31B-it
F44,F,open_summary_with_canonical_claim,0,10,oracle_evidence,,False,AMZN|META,1.0,True,-0.0,0.0,-0.0,0.0,0.0,0.0,-0.0,0.0,-0.0,0.0,mixed,1.0,1.0,1.0,"{""claim_true"": 0.0, ""claim_false"": 0.0, ""mixed"": 1.0}",-0.0,-0.0,10,10,0.0,False,2.0,2.1972245773362196,0.0,0.0,vllm:google/gemma-4-31B-it
F44,F,open_summary_with_canonical_claim,1,10,oracle_evidence,,False,AMZN|META,1.0,True,-0.0,0.0,-0.0,0.0,0.0,0.0,-0.0,0.0,-0.0,0.0,mixed,1.0,1.0,1.0,"{""claim_true"": 0.0, ""claim_false"": 0.0, ""mixed"": 1.0}",-0.0,-0.0,10,10,0.0,False,2.0,2.1972245773362196,0.0,0.0,vllm:google/gemma-4-31B-it
F45,F,category_choice,0,10,oracle_evidence,,True,,1.0,True,-0.0,0.0,-0.0,0.0,0.0,0.0,-0.0,0.0,-0.0,0.0,insufficient_data,1.0,1.0,1.0,"{""high_dividends"": 0.0, ""high_buybacks"": 0.0, ""similar"": 0.0, ""insufficient_data"": 1.0}",-0.0,-0.0,10,10,0.0,False,2.0,2.4849066497880004,0.0,0.0,vllm:google/gemma-4-31B-it
F45,F,category_choice,1,10,oracle_evidence,,True,,1.0,True,-0.0,0.0,-0.0,0.0,0.0,0.0,-0.0,0.0,-0.0,0.0,insufficient_data,1.0,1.0,1.0,"{""high_dividends"": 0.0, ""high_buybacks"": 0.0, ""similar"": 0.0, ""insufficient_data"": 1.0}",-0.0,-0.0,10,10,0.0,False,2.0,2.4849066497880004,0.0,0.0,vllm:google/gemma-4-31B-it
F46,F,category_choice,0,10,oracle_evidence,,True,,1.0,True,-0.0,0.0,-0.0,0.0,0.0,0.0,-0.0,0.0,-0.0,0.0,insufficient_data,1.0,1.0,1.0,"{""red_flag"": 0.0, ""smart_allocation"": 0.0, ""mixed"": 0.0, ""insufficient_data"": 1.0}",-0.0,-0.0,10,10,0.0,False,2.0,2.4849066497880004,0.0,0.0,vllm:google/gemma-4-31B-it
F46,F,category_choice,1,10,oracle_evidence,,True,,1.0,True,-0.0,0.0,-0.0,0.0,0.0,0.0,-0.0,0.0,-0.0,0.0,insufficient_data,1.0,1.0,1.0,"{""red_flag"": 0.0, ""smart_allocation"": 0.0, ""mixed"": 0.0, ""insufficient_data"": 1.0}",-0.0,-0.0,10,10,0.0,False,2.0,2.4849066497880004,0.0,0.0,vllm:google/gemma-4-31B-it
F47,F,premise_check,0,10,oracle_evidence,,True,INTC,1.0,True,-0.0,0.0,-0.0,0.0,0.0,0.0,-0.0,0.0,-0.0,0.0,premise_false,0.0,0.0,0.0,"{""premise_false"": 1.0, ""premise_true_explained"": 0.0, ""insufficient_data"": 0.0}",-0.0,-0.0,10,10,1.0,True,0.0,0.25131442828090605,1.0,1.0,vllm:google/gemma-4-31B-it
F47,F,premise_check,1,10,oracle_evidence,,True,INTC,1.0,True,-0.0,0.0,-0.0,0.0,0.0,0.0,-0.0,0.0,-0.0,0.0,premise_false,0.0,0.0,0.0,"{""premise_false"": 1.0, ""premise_true_explained"": 0.0, ""insufficient_data"": 0.0}",-0.0,-0.0,10,10,1.0,True,0.0,0.25131442828090605,1.0,1.0,vllm:google/gemma-4-31B-it
F49,F,yes_no_mixed,0,10,oracle_evidence,,True,,1.0,True,-0.0,0.0,-0.0,0.0,0.0,0.0,-0.0,0.0,-0.0,0.0,insufficient_data,1.0,1.0,1.0,"{""yes"": 0.0, ""no"": 0.0, ""mixed"": 0.0, ""insufficient_data"": 1.0}",-0.0,-0.0,10,10,0.0,False,2.0,2.4849066497880004,0.0,0.0,vllm:google/gemma-4-31B-it
F49,F,yes_no_mixed,1,10,oracle_evidence,,True,,1.0,True,-0.0,0.0,-0.0,0.0,0.0,0.0,-0.0,0.0,-0.0,0.0,insufficient_data,1.0,1.0,1.0,"{""yes"": 0.0, ""no"": 0.0, ""mixed"": 0.0, ""insufficient_data"": 1.0}",-0.0,-0.0,10,10,0.0,False,2.0,2.4849066497880004,0.0,0.0,vllm:google/gemma-4-31B-it
F5,F,yes_no_mixed,0,10,oracle_evidence,,True,AMZN,1.0,True,-0.0,0.0,-0.0,0.0,0.0,0.0,-0.0,0.0,-0.0,0.0,yes,0.0,0.0,0.0,"{""yes"": 1.0, ""no"": 0.0, ""mixed"": 0.0, ""insufficient_data"": 0.0}",-0.0,-0.0,10,10,1.0,True,0.0,0.2876820724517809,1.0,1.0,vllm:google/gemma-4-31B-it
F5,F,yes_no_mixed,1,10,oracle_evidence,,True,AMZN,1.0,True,-0.0,0.0,-0.0,0.0,0.0,0.0,-0.0,0.0,-0.0,0.0,yes,0.0,0.0,0.0,"{""yes"": 1.0, ""no"": 0.0, ""mixed"": 0.0, ""insufficient_data"": 0.0}",-0.0,-0.0,10,10,1.0,True,0.0,0.2876820724517809,1.0,1.0,vllm:google/gemma-4-31B-it
F50,F,screening_top1,0,10,oracle_evidence,,True,APP|LRCX|KLAC|NVDA|AAPL,1.0,True,-0.0,0.0,-0.0,0.0,0.0,0.0,-0.0,0.0,-0.0,0.0,NVDA,0.0,0.0,0.0,"{""APP"": 0.0, ""LRCX"": 0.0, ""KLAC"": 0.0, ""NVDA"": 1.0, ""AAPL"": 0.0, ""none_clear"": 0.0}",-0.0,-0.0,10,10,0.0,False,2.0,2.890371757896165,0.0,0.0,vllm:google/gemma-4-31B-it
F50,F,screening_top1,1,10,oracle_evidence,,True,APP|LRCX|KLAC|NVDA|AAPL,1.0,True,-0.0,0.0,-0.0,0.0,0.0,0.0,-0.0,0.0,-0.0,0.0,NVDA,0.0,0.0,0.0,"{""APP"": 0.0, ""LRCX"": 0.0, ""KLAC"": 0.0, ""NVDA"": 1.0, ""AAPL"": 0.0, ""none_clear"": 0.0}",-0.0,-0.0,10,10,0.0,False,2.0,2.890371757896165,0.0,0.0,vllm:google/gemma-4-31B-it
F6,F,open_summary_with_canonical_claim,0,10,oracle_evidence,,False,NVDA,1.0,True,0.6931471805599453,0.0,0.6931471805599453,0.7181471805599453,0.0,0.7181471805599453,0.6309297535714574,0.0,0.6309297535714574,1.0,claim_true,0.5,1.0,0.0,"{""claim_true"": 0.5, ""claim_false"": 0.0, ""mixed"": 0.5}",-0.0,-0.0,10,10,0.5,False,0.5,0.8109302162163288,1.0,0.0,vllm:google/gemma-4-31B-it
F6,F,open_summary_with_canonical_claim,1,10,oracle_evidence,,False,NVDA,1.0,True,-0.0,0.0,-0.0,0.0,0.0,0.0,-0.0,0.0,-0.0,0.0,mixed,1.0,1.0,1.0,"{""claim_true"": 0.0, ""claim_false"": 0.0, ""mixed"": 1.0}",-0.0,-0.0,10,10,1.0,True,0.0,0.25131442828090605,1.0,1.0,vllm:google/gemma-4-31B-it
F7,F,yes_no_mixed,0,10,oracle_evidence,,True,INTC,1.0,True,0.6931471805599453,0.0,0.6931471805599453,0.7181471805599453,0.0,0.7181471805599453,0.5,0.0,0.5,1.0,no,0.5,0.0,1.0,"{""yes"": 0.0, ""no"": 0.5, ""mixed"": 0.5, ""insufficient_data"": 0.0}",-0.0,-0.0,10,10,0.5,False,0.5,0.8754687373538999,0.0,1.0,vllm:google/gemma-4-31B-it
F7,F,yes_no_mixed,1,10,oracle_evidence,,True,INTC,1.0,True,0.6931471805599453,0.0,0.6931471805599453,0.7181471805599453,0.0,0.7181471805599453,0.5,0.0,0.5,1.0,no,0.5,0.0,1.0,"{""yes"": 0.0, ""no"": 0.5, ""mixed"": 0.5, ""insufficient_data"": 0.0}",-0.0,-0.0,10,10,0.5,False,0.5,0.8754687373538999,0.0,1.0,vllm:google/gemma-4-31B-it
F8,F,graded_judgment,0,10,oracle_evidence,,True,NFLX,1.0,True,-0.0,0.0,-0.0,0.0,0.0,0.0,-0.0,0.0,-0.0,0.0,insufficient_data,1.0,1.0,1.0,"{""higher"": 0.0, ""similar"": 0.0, ""lower"": 0.0, ""insufficient_data"": 1.0}",-0.0,-0.0,10,10,0.0,False,2.0,2.4849066497880004,0.0,0.0,vllm:google/gemma-4-31B-it
F8,F,graded_judgment,1,10,oracle_evidence,,True,NFLX,1.0,True,-0.0,0.0,-0.0,0.0,0.0,0.0,-0.0,0.0,-0.0,0.0,insufficient_data,1.0,1.0,1.0,"{""higher"": 0.0, ""similar"": 0.0, ""lower"": 0.0, ""insufficient_data"": 1.0}",-0.0,-0.0,10,10,0.0,False,2.0,2.4849066497880004,0.0,0.0,vllm:google/gemma-4-31B-it
F9,F,yes_no_mixed,0,10,oracle_evidence,,True,META,1.0,True,-0.0,0.0,-0.0,0.0,0.0,0.0,-0.0,0.0,-0.0,0.0,mixed,1.0,1.0,1.0,"{""yes"": 0.0, ""no"": 0.0, ""mixed"": 1.0, ""insufficient_data"": 0.0}",-0.0,-0.0,10,10,0.0,False,2.0,2.4849066497880004,0.0,0.0,vllm:google/gemma-4-31B-it
F9,F,yes_no_mixed,1,10,oracle_evidence,,True,META,1.0,True,-0.0,0.0,-0.0,0.0,0.0,0.0,-0.0,0.0,-0.0,0.0,mixed,1.0,1.0,1.0,"{""yes"": 0.0, ""no"": 0.0, ""mixed"": 1.0, ""insufficient_data"": 0.0}",-0.0,-0.0,10,10,0.0,False,2.0,2.4849066497880004,0.0,0.0,vllm:google/gemma-4-31B-it
FT1,FT,supportive_judgment,0,10,oracle_evidence,,True,AAPL,1.0,True,0.6931471805599453,0.0,0.6931471805599453,0.7181471805599453,0.0,0.7181471805599453,0.5,0.0,0.5,1.0,supportive,0.5,1.0,0.0,"{""supportive"": 0.5, ""unsupportive"": 0.0, ""conditional"": 0.5, ""insufficient_data"": 0.0}",-0.0,-0.0,10,10,0.5,False,0.5,0.8754687373538999,1.0,0.0,vllm:google/gemma-4-31B-it
FT1,FT,supportive_judgment,1,10,oracle_evidence,,True,AAPL,1.0,True,0.6931471805599453,0.0,0.6931471805599453,0.7181471805599453,0.0,0.7181471805599453,0.5,0.0,0.5,1.0,supportive,0.5,1.0,0.0,"{""supportive"": 0.5, ""unsupportive"": 0.0, ""conditional"": 0.5, ""insufficient_data"": 0.0}",-0.0,-0.0,10,10,0.5,False,0.5,0.8754687373538999,1.0,0.0,vllm:google/gemma-4-31B-it
FT10,FT,supportive_judgment,0,10,oracle_evidence,,True,QCOM,1.0,True,-0.0,0.0,-0.0,0.0,0.0,0.0,-0.0,0.0,-0.0,0.0,conditional,1.0,1.0,1.0,"{""supportive"": 0.0, ""unsupportive"": 0.0, ""conditional"": 1.0, ""insufficient_data"": 0.0}",-0.0,-0.0,10,10,0.0,False,2.0,2.4849066497880004,0.0,0.0,vllm:google/gemma-4-31B-it
FT10,FT,supportive_judgment,1,10,oracle_evidence,,True,QCOM,1.0,True,-0.0,0.0,-0.0,0.0,0.0,0.0,-0.0,0.0,-0.0,0.0,conditional,1.0,1.0,1.0,"{""supportive"": 0.0, ""unsupportive"": 0.0, ""conditional"": 1.0, ""insufficient_data"": 0.0}",-0.0,-0.0,10,10,0.0,False,2.0,2.4849066497880004,0.0,0.0,vllm:google/gemma-4-31B-it
FT11,FT,supportive_judgment,0,10,oracle_evidence,,False,COST,1.0,True,-0.0,0.0,-0.0,0.0,0.0,0.0,-0.0,0.0,-0.0,0.0,unsupportive,0.0,0.0,0.0,"{""supportive"": 0.0, ""unsupportive"": 1.0, ""conditional"": 0.0, ""insufficient_data"": 0.0}",-0.0,-0.0,10,10,1.0,True,0.0,0.2876820724517809,1.0,1.0,vllm:google/gemma-4-31B-it
FT11,FT,supportive_judgment,1,10,oracle_evidence,,False,COST,1.0,True,-0.0,0.0,-0.0,0.0,0.0,0.0,-0.0,0.0,-0.0,0.0,unsupportive,0.0,0.0,0.0,"{""supportive"": 0.0, ""unsupportive"": 1.0, ""conditional"": 0.0, ""insufficient_data"": 0.0}",-0.0,-0.0,10,10,1.0,True,0.0,0.2876820724517809,1.0,1.0,vllm:google/gemma-4-31B-it
FT12,FT,yes_no_mixed,0,10,oracle_evidence,,False,AMD,1.0,True,-0.0,0.0,-0.0,0.0,0.0,0.0,-0.0,0.0,-0.0,0.0,yes,0.0,0.0,0.0,"{""yes"": 1.0, ""no"": 0.0, ""mixed"": 0.0, ""insufficient_data"": 0.0}",-0.0,-0.0,10,10,1.0,True,0.0,0.2876820724517809,1.0,1.0,vllm:google/gemma-4-31B-it
FT12,FT,yes_no_mixed,1,10,oracle_evidence,,False,AMD,1.0,True,0.6474466390346325,0.30543215102744675,0.34201448800718576,0.6724466390346325,0.3304321510274468,0.34201448800718576,0.46703402768774555,0.22032272480767318,0.24671130288007237,0.5282512370705057,yes,0.35,0.7,0.0,"{""yes"": 0.65, ""no"": 0.0, ""mixed"": 0.35, ""insufficient_data"": 0.0}",0.6108643020548935,-0.0,10,10,0.65,True,0.24499999999999997,0.6603573577369544,0.3,1.0,vllm:google/gemma-4-31B-it
FT13,FT,supportive_judgment,0,10,oracle_evidence,,True,,1.0,True,-0.0,0.0,-0.0,0.0,0.0,0.0,-0.0,0.0,-0.0,0.0,insufficient_data,1.0,1.0,1.0,"{""supportive"": 0.0, ""unsupportive"": 0.0, ""conditional"": 0.0, ""insufficient_data"": 1.0}",-0.0,-0.0,10,10,0.0,False,2.0,2.4849066497880004,0.0,0.0,vllm:google/gemma-4-31B-it
FT13,FT,supportive_judgment,1,10,oracle_evidence,,True,,1.0,True,-0.0,0.0,-0.0,0.0,0.0,0.0,-0.0,0.0,-0.0,0.0,insufficient_data,1.0,1.0,1.0,"{""supportive"": 0.0, ""unsupportive"": 0.0, ""conditional"": 0.0, ""insufficient_data"": 1.0}",-0.0,-0.0,10,10,0.0,False,2.0,2.4849066497880004,0.0,0.0,vllm:google/gemma-4-31B-it
FT14,FT,category_choice,0,10,oracle_evidence,,False,AVGO,1.0,True,0.6108643020548935,0.33650583350462826,0.27435846855026524,0.6358643020548935,0.3615058335046283,0.27435846855026524,0.44064544961534635,0.2427376486136672,0.19790780100167915,0.4491316117627886,take_profits,0.3,0.6,0.0,"{""sustainable"": 0.0, ""take_profits"": 0.7, ""mixed"": 0.3, ""insufficient_data"": 0.0}",0.6730116670092565,-0.0,10,10,0.7,True,0.18000000000000002,0.5978370007556205,0.4,1.0,vllm:google/gemma-4-31B-it
FT14,FT,category_choice,1,10,oracle_evidence,,False,AVGO,1.0,True,0.6931471805599453,0.0,0.6931471805599453,0.7181471805599453,0.0,0.7181471805599453,0.5,0.0,0.5,1.0,take_profits,0.5,1.0,0.0,"{""sustainable"": 0.0, ""take_profits"": 0.5, ""mixed"": 0.5, ""insufficient_data"": 0.0}",-0.0,-0.0,10,10,0.5,True,0.5,0.8754687373538999,0.0,1.0,vllm:google/gemma-4-31B-it
FT15,FT,category_choice,0,10,oracle_evidence,,True,,1.0,True,-0.0,0.0,-0.0,0.0,0.0,0.0,-0.0,0.0,-0.0,0.0,insufficient_data,1.0,1.0,1.0,"{""value_trap"": 0.0, ""genuine_opportunity"": 0.0, ""mixed"": 0.0, ""insufficient_data"": 1.0}",-0.0,-0.0,10,10,0.0,False,2.0,2.4849066497880004,0.0,0.0,vllm:google/gemma-4-31B-it
FT15,FT,category_choice,1,10,oracle_evidence,,True,,1.0,True,-0.0,0.0,-0.0,0.0,0.0,0.0,-0.0,0.0,-0.0,0.0,insufficient_data,1.0,1.0,1.0,"{""value_trap"": 0.0, ""genuine_opportunity"": 0.0, ""mixed"": 0.0, ""insufficient_data"": 1.0}",-0.0,-0.0,10,10,0.0,False,2.0,2.4849066497880004,0.0,0.0,vllm:google/gemma-4-31B-it
FT16,FT,supportive_judgment,0,10,oracle_evidence,,True,,1.0,True,-0.0,0.0,-0.0,0.0,0.0,0.0,-0.0,0.0,-0.0,0.0,insufficient_data,1.0,1.0,1.0,"{""supportive"": 0.0, ""unsupportive"": 0.0, ""conditional"": 0.0, ""insufficient_data"": 1.0}",-0.0,-0.0,10,10,0.0,False,2.0,2.4849066497880004,0.0,0.0,vllm:google/gemma-4-31B-it
FT16,FT,supportive_judgment,1,10,oracle_evidence,,True,,1.0,True,-0.0,0.0,-0.0,0.0,0.0,0.0,-0.0,0.0,-0.0,0.0,insufficient_data,1.0,1.0,1.0,"{""supportive"": 0.0, ""unsupportive"": 0.0, ""conditional"": 0.0, ""insufficient_data"": 1.0}",-0.0,-0.0,10,10,0.0,False,2.0,2.4849066497880004,0.0,0.0,vllm:google/gemma-4-31B-it
FT17,FT,yes_no_mixed,0,10,oracle_evidence,,True,INTC,1.0,True,-0.0,0.0,-0.0,0.0,0.0,0.0,-0.0,0.0,-0.0,0.0,mixed,1.0,1.0,1.0,"{""yes"": 0.0, ""no"": 0.0, ""mixed"": 1.0, ""insufficient_data"": 0.0}",-0.0,-0.0,10,10,1.0,True,0.0,0.2876820724517809,1.0,1.0,vllm:google/gemma-4-31B-it
FT17,FT,yes_no_mixed,1,10,oracle_evidence,,True,INTC,1.0,True,-0.0,0.0,-0.0,0.0,0.0,0.0,-0.0,0.0,-0.0,0.0,mixed,1.0,1.0,1.0,"{""yes"": 0.0, ""no"": 0.0, ""mixed"": 1.0, ""insufficient_data"": 0.0}",-0.0,-0.0,10,10,1.0,True,0.0,0.2876820724517809,1.0,1.0,vllm:google/gemma-4-31B-it
FT18,FT,supportive_judgment,0,10,oracle_evidence,,True,,1.0,True,-0.0,0.0,-0.0,0.0,0.0,0.0,-0.0,0.0,-0.0,0.0,insufficient_data,1.0,1.0,1.0,"{""supportive"": 0.0, ""unsupportive"": 0.0, ""conditional"": 0.0, ""insufficient_data"": 1.0}",-0.0,-0.0,10,10,0.0,False,2.0,2.4849066497880004,0.0,0.0,vllm:google/gemma-4-31B-it
FT18,FT,supportive_judgment,1,10,oracle_evidence,,True,,1.0,True,-0.0,0.0,-0.0,0.0,0.0,0.0,-0.0,0.0,-0.0,0.0,insufficient_data,1.0,1.0,1.0,"{""supportive"": 0.0, ""unsupportive"": 0.0, ""conditional"": 0.0, ""insufficient_data"": 1.0}",-0.0,-0.0,10,10,0.0,False,2.0,2.4849066497880004,0.0,0.0,vllm:google/gemma-4-31B-it
FT19,FT,supportive_judgment,0,10,oracle_evidence,,True,,1.0,True,-0.0,0.0,-0.0,0.0,0.0,0.0,-0.0,0.0,-0.0,0.0,insufficient_data,1.0,1.0,1.0,"{""supportive"": 0.0, ""unsupportive"": 0.0, ""conditional"": 0.0, ""insufficient_data"": 1.0}",-0.0,-0.0,10,10,1.0,True,0.0,0.2876820724517809,1.0,1.0,vllm:google/gemma-4-31B-it
FT19,FT,supportive_judgment,1,10,oracle_evidence,,True,,1.0,True,-0.0,0.0,-0.0,0.0,0.0,0.0,-0.0,0.0,-0.0,0.0,insufficient_data,1.0,1.0,1.0,"{""supportive"": 0.0, ""unsupportive"": 0.0, ""conditional"": 0.0, ""insufficient_data"": 1.0}",-0.0,-0.0,10,10,1.0,True,0.0,0.2876820724517809,1.0,1.0,vllm:google/gemma-4-31B-it
FT2,FT,supportive_judgment,0,10,oracle_evidence,,False,TSLA,1.0,True,-0.0,0.0,-0.0,0.0,0.0,0.0,-0.0,0.0,-0.0,0.0,conditional,1.0,1.0,1.0,"{""supportive"": 0.0, ""unsupportive"": 0.0, ""conditional"": 1.0, ""insufficient_data"": 0.0}",-0.0,-0.0,10,10,0.0,False,2.0,2.4849066497880004,0.0,0.0,vllm:google/gemma-4-31B-it
FT2,FT,supportive_judgment,1,10,oracle_evidence,,False,TSLA,1.0,True,0.6931471805599453,0.0,0.6931471805599453,0.7181471805599453,0.0,0.7181471805599453,0.5,0.0,0.5,1.0,unsupportive,0.5,0.0,1.0,"{""supportive"": 0.0, ""unsupportive"": 0.5, ""conditional"": 0.5, ""insufficient_data"": 0.0}",-0.0,-0.0,10,10,0.5,True,0.5,0.8754687373538999,1.0,0.0,vllm:google/gemma-4-31B-it
FT20,FT,yes_no_mixed,0,10,oracle_evidence,,False,AAPL,1.0,True,0.6931471805599453,0.0,0.6931471805599453,0.7181471805599453,0.0,0.7181471805599453,0.5,0.0,0.5,1.0,no,0.5,1.0,0.0,"{""yes"": 0.0, ""no"": 0.5, ""mixed"": 0.5, ""insufficient_data"": 0.0}",-0.0,-0.0,10,10,0.5,True,0.5,0.8754687373538999,0.0,1.0,vllm:google/gemma-4-31B-it
FT20,FT,yes_no_mixed,1,10,oracle_evidence,,False,AAPL,1.0,True,-0.0,0.0,-0.0,0.0,0.0,0.0,-0.0,0.0,-0.0,0.0,no,0.0,0.0,0.0,"{""yes"": 0.0, ""no"": 1.0, ""mixed"": 0.0, ""insufficient_data"": 0.0}",-0.0,-0.0,10,10,1.0,True,0.0,0.2876820724517809,1.0,1.0,vllm:google/gemma-4-31B-it
FT21,FT,category_choice,0,10,oracle_evidence,,True,,1.0,True,-0.0,0.0,-0.0,0.0,0.0,0.0,-0.0,0.0,-0.0,0.0,insufficient_data,1.0,1.0,1.0,"{""buy_now"": 0.0, ""wait"": 0.0, ""insufficient_data"": 1.0}",-0.0,-0.0,10,10,0.0,False,2.0,2.1972245773362196,0.0,0.0,vllm:google/gemma-4-31B-it
FT21,FT,category_choice,1,10,oracle_evidence,,True,,1.0,True,-0.0,0.0,-0.0,0.0,0.0,0.0,-0.0,0.0,-0.0,0.0,insufficient_data,1.0,1.0,1.0,"{""buy_now"": 0.0, ""wait"": 0.0, ""insufficient_data"": 1.0}",-0.0,-0.0,10,10,0.0,False,2.0,2.1972245773362196,0.0,0.0,vllm:google/gemma-4-31B-it
FT22,FT,yes_no_mixed,0,10,oracle_evidence,,False,MU,1.0,True,-0.0,0.0,-0.0,0.0,0.0,0.0,-0.0,0.0,-0.0,0.0,mixed,1.0,1.0,1.0,"{""yes"": 0.0, ""no"": 0.0, ""mixed"": 1.0, ""insufficient_data"": 0.0}",-0.0,-0.0,10,10,1.0,True,0.0,0.2876820724517809,1.0,1.0,vllm:google/gemma-4-31B-it
FT22,FT,yes_no_mixed,1,10,oracle_evidence,,False,MU,1.0,True,-0.0,0.0,-0.0,0.0,0.0,0.0,-0.0,0.0,-0.0,0.0,mixed,1.0,1.0,1.0,"{""yes"": 0.0, ""no"": 0.0, ""mixed"": 1.0, ""insufficient_data"": 0.0}",-0.0,-0.0,10,10,1.0,True,0.0,0.2876820724517809,1.0,1.0,vllm:google/gemma-4-31B-it
FT23,FT,category_choice,0,10,oracle_evidence,,True,,1.0,True,-0.0,0.0,-0.0,0.0,0.0,0.0,-0.0,0.0,-0.0,0.0,insufficient_data,1.0,1.0,1.0,"{""sell"": 0.0, ""hold"": 0.0, ""conditional"": 0.0, ""insufficient_data"": 1.0}",-0.0,-0.0,10,10,0.0,False,2.0,2.4849066497880004,0.0,0.0,vllm:google/gemma-4-31B-it
FT23,FT,category_choice,1,10,oracle_evidence,,True,,1.0,True,-0.0,0.0,-0.0,0.0,0.0,0.0,-0.0,0.0,-0.0,0.0,insufficient_data,1.0,1.0,1.0,"{""sell"": 0.0, ""hold"": 0.0, ""conditional"": 0.0, ""insufficient_data"": 1.0}",-0.0,-0.0,10,10,0.0,False,2.0,2.4849066497880004,0.0,0.0,vllm:google/gemma-4-31B-it
FT24,FT,yes_no_mixed,0,10,oracle_evidence,,True,,1.0,True,-0.0,0.0,-0.0,0.0,0.0,0.0,-0.0,0.0,-0.0,0.0,insufficient_data,1.0,1.0,1.0,"{""yes"": 0.0, ""no"": 0.0, ""mixed"": 0.0, ""insufficient_data"": 1.0}",-0.0,-0.0,10,10,0.0,False,2.0,2.4849066497880004,0.0,0.0,vllm:google/gemma-4-31B-it
FT24,FT,yes_no_mixed,1,10,oracle_evidence,,True,,1.0,True,-0.0,0.0,-0.0,0.0,0.0,0.0,-0.0,0.0,-0.0,0.0,insufficient_data,1.0,1.0,1.0,"{""yes"": 0.0, ""no"": 0.0, ""mixed"": 0.0, ""insufficient_data"": 1.0}",-0.0,-0.0,10,10,0.0,False,2.0,2.4849066497880004,0.0,0.0,vllm:google/gemma-4-31B-it
FT25,FT,supportive_judgment,0,10,oracle_evidence,,False,NFLX,1.0,True,-0.0,0.0,-0.0,0.0,0.0,0.0,-0.0,0.0,-0.0,0.0,unsupportive,0.0,0.0,0.0,"{""supportive"": 0.0, ""unsupportive"": 1.0, ""conditional"": 0.0, ""insufficient_data"": 0.0}",-0.0,-0.0,10,10,0.0,False,2.0,2.4849066497880004,0.0,0.0,vllm:google/gemma-4-31B-it
FT25,FT,supportive_judgment,1,10,oracle_evidence,,False,NFLX,1.0,True,0.6931471805599453,0.0,0.6931471805599453,0.7181471805599453,0.0,0.7181471805599453,0.5,0.0,0.5,1.0,unsupportive,0.5,1.0,0.0,"{""supportive"": 0.0, ""unsupportive"": 0.5, ""conditional"": 0.5, ""insufficient_data"": 0.0}",-0.0,-0.0,10,10,0.5,False,0.5,0.8754687373538999,1.0,0.0,vllm:google/gemma-4-31B-it
FT26,FT,yes_no_mixed,0,10,oracle_evidence,,True,NVDA,1.0,True,-0.0,0.0,-0.0,0.0,0.0,0.0,-0.0,0.0,-0.0,0.0,mixed,1.0,1.0,1.0,"{""yes"": 0.0, ""no"": 0.0, ""mixed"": 1.0, ""insufficient_data"": 0.0}",-0.0,-0.0,10,10,0.0,False,2.0,2.4849066497880004,0.0,0.0,vllm:google/gemma-4-31B-it
FT26,FT,yes_no_mixed,1,10,oracle_evidence,,True,NVDA,1.0,True,0.6931471805599453,0.0,0.6931471805599453,0.7181471805599453,0.0,0.7181471805599453,0.5,0.0,0.5,1.0,yes,0.5,0.0,1.0,"{""yes"": 0.5, ""no"": 0.0, ""mixed"": 0.5, ""insufficient_data"": 0.0}",-0.0,-0.0,10,10,0.5,True,0.5,0.8754687373538999,1.0,0.0,vllm:google/gemma-4-31B-it
FT27,FT,category_choice,0,10,oracle_evidence,,False,NVDA,1.0,True,-0.0,0.0,-0.0,0.0,0.0,0.0,-0.0,0.0,-0.0,0.0,aligned,0.0,0.0,0.0,"{""aligned"": 1.0, ""diverged"": 0.0, ""mixed"": 0.0, ""insufficient_data"": 0.0}",-0.0,-0.0,10,10,1.0,True,0.0,0.2876820724517809,1.0,1.0,vllm:google/gemma-4-31B-it
FT27,FT,category_choice,1,10,oracle_evidence,,False,NVDA,1.0,True,-0.0,0.0,-0.0,0.0,0.0,0.0,-0.0,0.0,-0.0,0.0,aligned,0.0,0.0,0.0,"{""aligned"": 1.0, ""diverged"": 0.0, ""mixed"": 0.0, ""insufficient_data"": 0.0}",-0.0,-0.0,10,10,1.0,True,0.0,0.2876820724517809,1.0,1.0,vllm:google/gemma-4-31B-it
FT28,FT,yes_no_mixed,0,10,oracle_evidence,,True,TSLA,1.0,True,0.6881388137135884,0.1625414866957241,0.5255973270178643,0.7131388137135884,0.1875414866957241,0.5255973270178643,0.49638722699390414,0.11724889839732029,0.3791383285965838,0.7637954966984672,mixed,1.0,1.0,1.0,"{""yes"": 0.0, ""no"": 0.0, ""mixed"": 0.55, ""insufficient_data"": 0.45}",0.3250829733914482,-0.0,10,10,0.0,False,1.505,2.4849066497880004,0.0,0.0,vllm:google/gemma-4-31B-it
FT28,FT,yes_no_mixed,1,10,oracle_evidence,,True,TSLA,1.0,True,0.6931471805599453,0.0,0.6931471805599453,0.7181471805599453,0.0,0.7181471805599453,0.5,0.0,0.5,1.0,no,0.5,0.0,1.0,"{""yes"": 0.0, ""no"": 0.5, ""mixed"": 0.0, ""insufficient_data"": 0.5}",-0.0,-0.0,10,10,0.5,True,0.5,0.8754687373538999,1.0,0.0,vllm:google/gemma-4-31B-it
FT29,FT,yes_no_mixed,0,10,oracle_evidence,,False,TSLA,1.0,True,0.6931471805599453,0.0,0.6931471805599453,0.7181471805599453,0.0,0.7181471805599453,0.5,0.0,0.5,1.0,yes,0.5,0.0,1.0,"{""yes"": 0.5, ""no"": 0.0, ""mixed"": 0.5, ""insufficient_data"": 0.0}",-0.0,-0.0,10,10,0.5,True,0.5,0.8754687373538999,1.0,0.0,vllm:google/gemma-4-31B-it
FT29,FT,yes_no_mixed,1,10,oracle_evidence,,False,TSLA,1.0,True,0.6931471805599453,0.0,0.6931471805599453,0.7181471805599453,0.0,0.7181471805599453,0.5,0.0,0.5,1.0,yes,0.5,0.0,1.0,"{""yes"": 0.5, ""no"": 0.0, ""mixed"": 0.5, ""insufficient_data"": 0.0}",-0.0,-0.0,10,10,0.5,True,0.5,0.8754687373538999,1.0,0.0,vllm:google/gemma-4-31B-it
FT3,FT,yes_no_mixed,0,10,oracle_evidence,,True,MSFT,1.0,True,0.6931471805599453,0.0,0.6931471805599453,0.7181471805599453,0.0,0.7181471805599453,0.5,0.0,0.5,1.0,yes,0.5,0.0,1.0,"{""yes"": 0.5, ""no"": 0.0, ""mixed"": 0.5, ""insufficient_data"": 0.0}",-0.0,-0.0,10,10,0.0,False,1.5,2.4849066497880004,0.0,0.0,vllm:google/gemma-4-31B-it
FT3,FT,yes_no_mixed,1,10,oracle_evidence,,True,MSFT,1.0,True,0.6931471805599453,0.0,0.6931471805599453,0.7181471805599453,0.0,0.7181471805599453,0.5,0.0,0.5,1.0,yes,0.5,0.0,1.0,"{""yes"": 0.5, ""no"": 0.0, ""mixed"": 0.5, ""insufficient_data"": 0.0}",-0.0,-0.0,10,10,0.0,False,1.5,2.4849066497880004,0.0,0.0,vllm:google/gemma-4-31B-it
FT30,FT,yes_no_mixed,0,10,oracle_evidence,,True,META,1.0,True,-0.0,0.0,-0.0,0.0,0.0,0.0,-0.0,0.0,-0.0,0.0,insufficient_data,1.0,1.0,1.0,"{""yes"": 0.0, ""no"": 0.0, ""mixed"": 0.0, ""insufficient_data"": 1.0}",-0.0,-0.0,10,10,0.0,False,2.0,2.4849066497880004,0.0,0.0,vllm:google/gemma-4-31B-it
FT30,FT,yes_no_mixed,1,10,oracle_evidence,,True,META,1.0,True,-0.0,0.0,-0.0,0.0,0.0,0.0,-0.0,0.0,-0.0,0.0,insufficient_data,1.0,1.0,1.0,"{""yes"": 0.0, ""no"": 0.0, ""mixed"": 0.0, ""insufficient_data"": 1.0}",-0.0,-0.0,10,10,0.0,False,2.0,2.4849066497880004,0.0,0.0,vllm:google/gemma-4-31B-it
FT31,FT,supportive_judgment,0,10,oracle_evidence,,False,META,1.0,True,-0.0,0.0,-0.0,0.0,0.0,0.0,-0.0,0.0,-0.0,0.0,supportive,0.0,0.0,0.0,"{""supportive"": 1.0, ""unsupportive"": 0.0, ""conditional"": 0.0, ""insufficient_data"": 0.0}",-0.0,-0.0,10,10,0.0,False,2.0,2.4849066497880004,0.0,0.0,vllm:google/gemma-4-31B-it
FT31,FT,supportive_judgment,1,10,oracle_evidence,,False,META,1.0,True,0.6931471805599453,0.0,0.6931471805599453,0.7181471805599453,0.0,0.7181471805599453,0.5,0.0,0.5,1.0,supportive,0.0,0.0,0.0,"{""supportive"": 0.5, ""unsupportive"": 0.5, ""conditional"": 0.0, ""insufficient_data"": 0.0}",-0.0,-0.0,10,10,0.0,False,1.5,2.4849066497880004,0.0,0.0,vllm:google/gemma-4-31B-it
FT32,FT,category_choice,0,10,oracle_evidence,,False,AAPL,1.0,True,-0.0,0.0,-0.0,0.0,0.0,0.0,-0.0,0.0,-0.0,0.0,mixed,1.0,1.0,1.0,"{""attractive_stability"": 0.0, ""underperformance_ahead"": 0.0, ""mixed"": 1.0, ""insufficient_data"": 0.0}",-0.0,-0.0,10,10,0.0,False,2.0,2.4849066497880004,0.0,0.0,vllm:google/gemma-4-31B-it
FT32,FT,category_choice,1,10,oracle_evidence,,False,AAPL,1.0,True,0.1985152433458726,0.1625414866957241,0.035973756650148486,0.22351524334587258,0.1875414866957241,0.035973756650148486,0.1431984785579781,0.11724889839732029,0.025949580160657796,0.18121407728610292,mixed,0.95,0.9,1.0,"{""attractive_stability"": 0.05, ""underperformance_ahead"": 0.0, ""mixed"": 0.95, ""insufficient_data"": 0.0}",0.3250829733914482,-0.0,10,10,0.0,False,1.9049999999999998,2.4849066497880004,0.0,0.0,vllm:google/gemma-4-31B-it
FT33,FT,category_choice,0,10,oracle_evidence,,True,AAPL,1.0,True,0.5004024235381879,0.33650583350462826,0.1638965900335596,0.5254024235381879,0.3615058335046283,0.1638965900335596,0.36096404744368116,0.2427376486136672,0.11822639883001398,0.3275295688512027,insufficient_data,1.0,1.0,1.0,"{""buying_opportunity"": 0.0, ""structural_challenges"": 0.0, ""mixed"": 0.2, ""insufficient_data"": 0.8}",-0.0,0.6730116670092565,10,10,0.0,False,1.6800000000000002,2.4849066497880004,0.0,0.0,vllm:google/gemma-4-31B-it
FT33,FT,category_choice,1,10,oracle_evidence,,True,AAPL,1.0,True,-0.0,0.0,-0.0,0.0,0.0,0.0,-0.0,0.0,-0.0,0.0,insufficient_data,1.0,1.0,1.0,"{""buying_opportunity"": 0.0, ""structural_challenges"": 0.0, ""mixed"": 0.0, ""insufficient_data"": 1.0}",-0.0,-0.0,10,10,0.0,False,2.0,2.4849066497880004,0.0,0.0,vllm:google/gemma-4-31B-it
FT34,FT,open_summary_with_canonical_claim,0,10,oracle_evidence,,True,MSFT,1.0,True,0.6931471805599453,0.0,0.6931471805599453,0.7181471805599453,0.0,0.7181471805599453,0.6309297535714574,0.0,0.6309297535714574,1.0,claim_true,0.5,0.0,1.0,"{""claim_true"": 0.5, ""claim_false"": 0.0, ""mixed"": 0.5}",-0.0,-0.0,10,10,0.5,True,0.5,0.8109302162163288,1.0,0.0,vllm:google/gemma-4-31B-it
FT34,FT,open_summary_with_canonical_claim,1,10,oracle_evidence,,True,MSFT,1.0,True,-0.0,0.0,-0.0,0.0,0.0,0.0,-0.0,0.0,-0.0,0.0,claim_true,0.0,0.0,0.0,"{""claim_true"": 1.0, ""claim_false"": 0.0, ""mixed"": 0.0}",-0.0,-0.0,10,10,1.0,True,0.0,0.25131442828090605,1.0,1.0,vllm:google/gemma-4-31B-it
FT35,FT,yes_no_mixed,0,10,oracle_evidence,,True,MSFT,1.0,True,-0.0,0.0,-0.0,0.0,0.0,0.0,-0.0,0.0,-0.0,0.0,mixed,1.0,1.0,1.0,"{""yes"": 0.0, ""no"": 0.0, ""mixed"": 1.0, ""insufficient_data"": 0.0}",-0.0,-0.0,10,10,0.0,False,2.0,2.4849066497880004,0.0,0.0,vllm:google/gemma-4-31B-it
FT35,FT,yes_no_mixed,1,10,oracle_evidence,,True,MSFT,1.0,True,-0.0,0.0,-0.0,0.0,0.0,0.0,-0.0,0.0,-0.0,0.0,mixed,1.0,1.0,1.0,"{""yes"": 0.0, ""no"": 0.0, ""mixed"": 1.0, ""insufficient_data"": 0.0}",-0.0,-0.0,10,10,0.0,False,2.0,2.4849066497880004,0.0,0.0,vllm:google/gemma-4-31B-it
FT36,FT,yes_no_mixed,0,10,oracle_evidence,,False,AMZN,1.0,True,0.6730116670092565,0.25020121176909393,0.4228104552401626,0.6980116670092565,0.27520121176909396,0.4228104552401626,0.4854752972273344,0.18048202372184058,0.3049932735054938,0.6282364421987758,insufficient_data,1.0,1.0,1.0,"{""yes"": 0.0, ""no"": 0.0, ""mixed"": 0.4, ""insufficient_data"": 0.6}",0.5004024235381879,-0.0,10,10,0.0,False,1.52,2.4849066497880004,0.0,0.0,vllm:google/gemma-4-31B-it
FT36,FT,yes_no_mixed,1,10,oracle_evidence,,False,AMZN,1.0,True,0.6931471805599453,0.0,0.6931471805599453,0.7181471805599453,0.0,0.7181471805599453,0.5,0.0,0.5,1.0,mixed,1.0,1.0,1.0,"{""yes"": 0.0, ""no"": 0.0, ""mixed"": 0.5, ""insufficient_data"": 0.5}",-0.0,-0.0,10,10,0.0,False,1.5,2.4849066497880004,0.0,0.0,vllm:google/gemma-4-31B-it
FT37,FT,category_choice,0,10,oracle_evidence,,True,AMZN,1.0,True,-0.0,0.0,-0.0,0.0,0.0,0.0,-0.0,0.0,-0.0,0.0,insufficient_data,1.0,1.0,1.0,"{""drag"": 0.0, ""strategic_moats"": 0.0, ""mixed"": 0.0, ""insufficient_data"": 1.0}",-0.0,-0.0,10,10,0.0,False,2.0,2.4849066497880004,0.0,0.0,vllm:google/gemma-4-31B-it
FT37,FT,category_choice,1,10,oracle_evidence,,True,AMZN,1.0,True,-0.0,0.0,-0.0,0.0,0.0,0.0,-0.0,0.0,-0.0,0.0,insufficient_data,1.0,1.0,1.0,"{""drag"": 0.0, ""strategic_moats"": 0.0, ""mixed"": 0.0, ""insufficient_data"": 1.0}",-0.0,-0.0,10,10,0.0,False,2.0,2.4849066497880004,0.0,0.0,vllm:google/gemma-4-31B-it
FT38,FT,yes_no_mixed,0,10,oracle_evidence,,False,GOOGL,1.0,True,-0.0,0.0,-0.0,0.0,0.0,0.0,-0.0,0.0,-0.0,0.0,insufficient_data,1.0,1.0,1.0,"{""yes"": 0.0, ""no"": 0.0, ""mixed"": 0.0, ""insufficient_data"": 1.0}",-0.0,-0.0,10,10,0.0,False,2.0,2.4849066497880004,0.0,0.0,vllm:google/gemma-4-31B-it
FT38,FT,yes_no_mixed,1,10,oracle_evidence,,False,GOOGL,1.0,True,-0.0,0.0,-0.0,0.0,0.0,0.0,-0.0,0.0,-0.0,0.0,insufficient_data,1.0,1.0,1.0,"{""yes"": 0.0, ""no"": 0.0, ""mixed"": 0.0, ""insufficient_data"": 1.0}",-0.0,-0.0,10,10,0.0,False,2.0,2.4849066497880004,0.0,0.0,vllm:google/gemma-4-31B-it
FT39,FT,yes_no_mixed,0,10,oracle_evidence,,True,GOOGL,1.0,True,0.6931471805599453,0.0,0.6931471805599453,0.7181471805599453,0.0,0.7181471805599453,0.5,0.0,0.5,1.0,mixed,1.0,1.0,1.0,"{""yes"": 0.0, ""no"": 0.0, ""mixed"": 0.5, ""insufficient_data"": 0.5}",-0.0,-0.0,10,10,0.0,False,1.5,2.4849066497880004,0.0,0.0,vllm:google/gemma-4-31B-it
FT39,FT,yes_no_mixed,1,10,oracle_evidence,,True,GOOGL,1.0,True,-0.0,0.0,-0.0,0.0,0.0,0.0,-0.0,0.0,-0.0,0.0,insufficient_data,1.0,1.0,1.0,"{""yes"": 0.0, ""no"": 0.0, ""mixed"": 0.0, ""insufficient_data"": 1.0}",-0.0,-0.0,10,10,0.0,False,2.0,2.4849066497880004,0.0,0.0,vllm:google/gemma-4-31B-it
FT4,FT,yes_no_mixed,0,10,oracle_evidence,,False,NVDA,1.0,True,-0.0,0.0,-0.0,0.0,0.0,0.0,-0.0,0.0,-0.0,0.0,mixed,1.0,1.0,1.0,"{""yes"": 0.0, ""no"": 0.0, ""mixed"": 1.0, ""insufficient_data"": 0.0}",-0.0,-0.0,10,10,0.0,False,2.0,2.4849066497880004,0.0,0.0,vllm:google/gemma-4-31B-it
FT4,FT,yes_no_mixed,1,10,oracle_evidence,,False,NVDA,1.0,True,0.6931471805599453,0.0,0.6931471805599453,0.7181471805599453,0.0,0.7181471805599453,0.5,0.0,0.5,1.0,yes,0.5,0.0,1.0,"{""yes"": 0.5, ""no"": 0.0, ""mixed"": 0.5, ""insufficient_data"": 0.0}",-0.0,-0.0,10,10,0.5,True,0.5,0.8754687373538999,1.0,0.0,vllm:google/gemma-4-31B-it
FT40,FT,yes_no_mixed,0,10,oracle_evidence,,True,NFLX,1.0,True,-0.0,0.0,-0.0,0.0,0.0,0.0,-0.0,0.0,-0.0,0.0,mixed,1.0,1.0,1.0,"{""yes"": 0.0, ""no"": 0.0, ""mixed"": 1.0, ""insufficient_data"": 0.0}",-0.0,-0.0,10,10,0.0,False,2.0,2.4849066497880004,0.0,0.0,vllm:google/gemma-4-31B-it
FT40,FT,yes_no_mixed,1,10,oracle_evidence,,True,NFLX,1.0,True,0.6931471805599453,0.0,0.6931471805599453,0.7181471805599453,0.0,0.7181471805599453,0.5,0.0,0.5,1.0,yes,0.5,0.0,1.0,"{""yes"": 0.5, ""no"": 0.0, ""mixed"": 0.5, ""insufficient_data"": 0.0}",-0.0,-0.0,10,10,0.5,True,0.5,0.8754687373538999,1.0,0.0,vllm:google/gemma-4-31B-it
FT41,FT,category_choice,0,10,oracle_evidence,,False,NFLX,1.0,True,-0.0,0.0,-0.0,0.0,0.0,0.0,-0.0,0.0,-0.0,0.0,reinvestment_opportunity,0.0,0.0,0.0,"{""reinvestment_opportunity"": 1.0, ""cash_flow_weakness"": 0.0, ""mixed"": 0.0, ""insufficient_data"": 0.0}",-0.0,-0.0,10,10,1.0,True,0.0,0.2876820724517809,1.0,1.0,vllm:google/gemma-4-31B-it
FT41,FT,category_choice,1,10,oracle_evidence,,False,NFLX,1.0,True,-0.0,0.0,-0.0,0.0,0.0,0.0,-0.0,0.0,-0.0,0.0,reinvestment_opportunity,0.0,0.0,0.0,"{""reinvestment_opportunity"": 1.0, ""cash_flow_weakness"": 0.0, ""mixed"": 0.0, ""insufficient_data"": 0.0}",-0.0,-0.0,10,10,1.0,True,0.0,0.2876820724517809,1.0,1.0,vllm:google/gemma-4-31B-it
FT42,FT,yes_no_mixed,0,10,oracle_evidence,,True,,1.0,True,-0.0,0.0,-0.0,0.0,0.0,0.0,-0.0,0.0,-0.0,0.0,insufficient_data,1.0,1.0,1.0,"{""yes"": 0.0, ""no"": 0.0, ""mixed"": 0.0, ""insufficient_data"": 1.0}",-0.0,-0.0,10,10,0.0,False,2.0,2.4849066497880004,0.0,0.0,vllm:google/gemma-4-31B-it
FT42,FT,yes_no_mixed,1,10,oracle_evidence,,True,,1.0,True,-0.0,0.0,-0.0,0.0,0.0,0.0,-0.0,0.0,-0.0,0.0,insufficient_data,1.0,1.0,1.0,"{""yes"": 0.0, ""no"": 0.0, ""mixed"": 0.0, ""insufficient_data"": 1.0}",-0.0,-0.0,10,10,0.0,False,2.0,2.4849066497880004,0.0,0.0,vllm:google/gemma-4-31B-it
FT43,FT,category_choice,0,10,oracle_evidence,,True,,1.0,True,-0.0,0.0,-0.0,0.0,0.0,0.0,-0.0,0.0,-0.0,0.0,insufficient_data,1.0,1.0,1.0,"{""wait_for_confirmation"": 0.0, ""buy_on_fundamentals"": 0.0, ""insufficient_data"": 1.0}",-0.0,-0.0,10,10,0.0,False,2.0,2.1972245773362196,0.0,0.0,vllm:google/gemma-4-31B-it
FT43,FT,category_choice,1,10,oracle_evidence,,True,,1.0,True,-0.0,0.0,-0.0,0.0,0.0,0.0,-0.0,0.0,-0.0,0.0,insufficient_data,1.0,1.0,1.0,"{""wait_for_confirmation"": 0.0, ""buy_on_fundamentals"": 0.0, ""insufficient_data"": 1.0}",-0.0,-0.0,10,10,0.0,False,2.0,2.1972245773362196,0.0,0.0,vllm:google/gemma-4-31B-it
FT44,FT,yes_no_mixed,0,10,oracle_evidence,,True,INTC,1.0,True,-0.0,0.0,-0.0,0.0,0.0,0.0,-0.0,0.0,-0.0,0.0,mixed,1.0,1.0,1.0,"{""yes"": 0.0, ""no"": 0.0, ""mixed"": 1.0, ""insufficient_data"": 0.0}",-0.0,-0.0,10,10,1.0,True,0.0,0.2876820724517809,1.0,1.0,vllm:google/gemma-4-31B-it
FT44,FT,yes_no_mixed,1,10,oracle_evidence,,True,INTC,1.0,True,-0.0,0.0,-0.0,0.0,0.0,0.0,-0.0,0.0,-0.0,0.0,mixed,1.0,1.0,1.0,"{""yes"": 0.0, ""no"": 0.0, ""mixed"": 1.0, ""insufficient_data"": 0.0}",-0.0,-0.0,10,10,1.0,True,0.0,0.2876820724517809,1.0,1.0,vllm:google/gemma-4-31B-it
FT45,FT,category_choice,0,10,oracle_evidence,,False,INTC,1.0,True,0.6931471805599453,0.0,0.6931471805599453,0.7181471805599453,0.0,0.7181471805599453,0.5,0.0,0.5,1.0,value_trap,0.5,0.0,1.0,"{""contrarian_value_play"": 0.0, ""value_trap"": 0.5, ""mixed"": 0.5, ""insufficient_data"": 0.0}",-0.0,-0.0,10,10,0.0,False,1.5,2.4849066497880004,0.0,0.0,vllm:google/gemma-4-31B-it
FT45,FT,category_choice,1,10,oracle_evidence,,False,INTC,1.0,True,0.6931471805599453,0.0,0.6931471805599453,0.7181471805599453,0.0,0.7181471805599453,0.5,0.0,0.5,1.0,value_trap,0.5,0.0,1.0,"{""contrarian_value_play"": 0.0, ""value_trap"": 0.5, ""mixed"": 0.5, ""insufficient_data"": 0.0}",-0.0,-0.0,10,10,0.0,False,1.5,2.4849066497880004,0.0,0.0,vllm:google/gemma-4-31B-it
FT46,FT,category_choice,0,10,oracle_evidence,,False,QCOM,1.0,True,-0.0,0.0,-0.0,0.0,0.0,0.0,-0.0,0.0,-0.0,0.0,insufficient_data,1.0,1.0,1.0,"{""exposure_limits"": 0.0, ""diversification_offsets"": 0.0, ""mixed"": 0.0, ""insufficient_data"": 1.0}",-0.0,-0.0,10,10,0.0,False,2.0,2.4849066497880004,0.0,0.0,vllm:google/gemma-4-31B-it
FT46,FT,category_choice,1,10,oracle_evidence,,False,QCOM,1.0,True,-0.0,0.0,-0.0,0.0,0.0,0.0,-0.0,0.0,-0.0,0.0,insufficient_data,1.0,1.0,1.0,"{""exposure_limits"": 0.0, ""diversification_offsets"": 0.0, ""mixed"": 0.0, ""insufficient_data"": 1.0}",-0.0,-0.0,10,10,0.0,False,2.0,2.4849066497880004,0.0,0.0,vllm:google/gemma-4-31B-it
FT47,FT,category_choice,0,10,oracle_evidence,,True,AVGO|ROP,1.0,True,-0.0,0.0,-0.0,0.0,0.0,0.0,-0.0,0.0,-0.0,0.0,insufficient_data,1.0,1.0,1.0,"{""underpriced"": 0.0, ""fully_priced"": 0.0, ""overpriced"": 0.0, ""insufficient_data"": 1.0}",-0.0,-0.0,10,10,0.0,False,2.0,2.4849066497880004,0.0,0.0,vllm:google/gemma-4-31B-it
FT47,FT,category_choice,1,10,oracle_evidence,,True,AVGO|ROP,1.0,True,-0.0,0.0,-0.0,0.0,0.0,0.0,-0.0,0.0,-0.0,0.0,insufficient_data,1.0,1.0,1.0,"{""underpriced"": 0.0, ""fully_priced"": 0.0, ""overpriced"": 0.0, ""insufficient_data"": 1.0}",-0.0,-0.0,10,10,0.0,False,2.0,2.4849066497880004,0.0,0.0,vllm:google/gemma-4-31B-it
FT48,FT,yes_no_mixed,0,10,oracle_evidence,,True,COST,1.0,True,-0.0,0.0,-0.0,0.0,0.0,0.0,-0.0,0.0,-0.0,0.0,mixed,1.0,1.0,1.0,"{""yes"": 0.0, ""no"": 0.0, ""mixed"": 1.0, ""insufficient_data"": 0.0}",-0.0,-0.0,10,10,0.0,False,2.0,2.4849066497880004,0.0,0.0,vllm:google/gemma-4-31B-it
FT48,FT,yes_no_mixed,1,10,oracle_evidence,,True,COST,1.0,True,0.6881388137135884,0.1625414866957241,0.5255973270178643,0.7131388137135884,0.1875414866957241,0.5255973270178643,0.49638722699390414,0.11724889839732029,0.3791383285965838,0.7637954966984672,no,0.45,0.9,0.0,"{""yes"": 0.0, ""no"": 0.55, ""mixed"": 0.45, ""insufficient_data"": 0.0}",0.3250829733914482,-0.0,10,10,0.55,True,0.40499999999999997,0.7985076962177716,0.1,1.0,vllm:google/gemma-4-31B-it
FT49,FT,yes_no_mixed,0,10,oracle_evidence,,False,AMZN|COST,1.0,True,-0.0,0.0,-0.0,0.0,0.0,0.0,-0.0,0.0,-0.0,0.0,insufficient_data,1.0,1.0,1.0,"{""yes"": 0.0, ""no"": 0.0, ""mixed"": 0.0, ""insufficient_data"": 1.0}",-0.0,-0.0,10,10,0.0,False,2.0,2.4849066497880004,0.0,0.0,vllm:google/gemma-4-31B-it
FT49,FT,yes_no_mixed,1,10,oracle_evidence,,False,AMZN|COST,1.0,True,-0.0,0.0,-0.0,0.0,0.0,0.0,-0.0,0.0,-0.0,0.0,insufficient_data,1.0,1.0,1.0,"{""yes"": 0.0, ""no"": 0.0, ""mixed"": 0.0, ""insufficient_data"": 1.0}",-0.0,-0.0,10,10,0.0,False,2.0,2.4849066497880004,0.0,0.0,vllm:google/gemma-4-31B-it
FT5,FT,category_choice,0,10,oracle_evidence,,False,AMZN,1.0,True,-0.0,0.0,-0.0,0.0,0.0,0.0,-0.0,0.0,-0.0,0.0,hold,0.0,0.0,0.0,"{""hold"": 1.0, ""sell"": 0.0, ""conditional"": 0.0, ""insufficient_data"": 0.0}",-0.0,-0.0,10,10,1.0,True,0.0,0.2876820724517809,1.0,1.0,vllm:google/gemma-4-31B-it
FT5,FT,category_choice,1,10,oracle_evidence,,False,AMZN,1.0,True,0.6931471805599453,0.0,0.6931471805599453,0.7181471805599453,0.0,0.7181471805599453,0.5,0.0,0.5,1.0,hold,0.5,1.0,0.0,"{""hold"": 0.5, ""sell"": 0.0, ""conditional"": 0.5, ""insufficient_data"": 0.0}",-0.0,-0.0,10,10,0.5,True,0.5,0.8754687373538999,0.0,1.0,vllm:google/gemma-4-31B-it
FT50,FT,yes_no_mixed,0,10,oracle_evidence,,True,,1.0,True,-0.0,0.0,-0.0,0.0,0.0,0.0,-0.0,0.0,-0.0,0.0,insufficient_data,1.0,1.0,1.0,"{""yes"": 0.0, ""no"": 0.0, ""mixed"": 0.0, ""insufficient_data"": 1.0}",-0.0,-0.0,10,10,0.0,False,2.0,2.4849066497880004,0.0,0.0,vllm:google/gemma-4-31B-it
FT50,FT,yes_no_mixed,1,10,oracle_evidence,,True,,1.0,True,-0.0,0.0,-0.0,0.0,0.0,0.0,-0.0,0.0,-0.0,0.0,insufficient_data,1.0,1.0,1.0,"{""yes"": 0.0, ""no"": 0.0, ""mixed"": 0.0, ""insufficient_data"": 1.0}",-0.0,-0.0,10,10,0.0,False,2.0,2.4849066497880004,0.0,0.0,vllm:google/gemma-4-31B-it
FT6,FT,yes_no_mixed,0,10,oracle_evidence,,False,GOOGL,1.0,True,-0.0,0.0,-0.0,0.0,0.0,0.0,-0.0,0.0,-0.0,0.0,mixed,1.0,1.0,1.0,"{""yes"": 0.0, ""no"": 0.0, ""mixed"": 1.0, ""insufficient_data"": 0.0}",-0.0,-0.0,10,10,0.0,False,2.0,2.4849066497880004,0.0,0.0,vllm:google/gemma-4-31B-it
FT6,FT,yes_no_mixed,1,10,oracle_evidence,,False,GOOGL,1.0,True,-0.0,0.0,-0.0,0.0,0.0,0.0,-0.0,0.0,-0.0,0.0,mixed,1.0,1.0,1.0,"{""yes"": 0.0, ""no"": 0.0, ""mixed"": 1.0, ""insufficient_data"": 0.0}",-0.0,-0.0,10,10,0.0,False,2.0,2.4849066497880004,0.0,0.0,vllm:google/gemma-4-31B-it
FT7,FT,yes_no_mixed,0,10,oracle_evidence,,False,META,1.0,True,0.5623351446188083,0.34657359027997264,0.21576155433883565,0.5873351446188083,0.37157359027997267,0.21576155433883565,0.4056390622295664,0.25,0.15563906222956642,0.3836885465963443,no,0.25,0.5,0.0,"{""yes"": 0.0, ""no"": 0.75, ""mixed"": 0.25, ""insufficient_data"": 0.0}",0.6931471805599453,-0.0,10,10,0.75,True,0.125,0.5389965007326869,0.5,1.0,vllm:google/gemma-4-31B-it
FT7,FT,yes_no_mixed,1,10,oracle_evidence,,False,META,1.0,True,0.6931471805599453,0.0,0.6931471805599453,0.7181471805599453,0.0,0.7181471805599453,0.5,0.0,0.5,1.0,no,0.5,1.0,0.0,"{""yes"": 0.0, ""no"": 0.5, ""mixed"": 0.5, ""insufficient_data"": 0.0}",-0.0,-0.0,10,10,0.5,True,0.5,0.8754687373538999,0.0,1.0,vllm:google/gemma-4-31B-it
FT8,FT,supportive_judgment,0,10,oracle_evidence,,False,NFLX,1.0,True,-0.0,0.0,-0.0,0.0,0.0,0.0,-0.0,0.0,-0.0,0.0,conditional,1.0,1.0,1.0,"{""supportive"": 0.0, ""unsupportive"": 0.0, ""conditional"": 1.0, ""insufficient_data"": 0.0}",-0.0,-0.0,10,10,0.0,False,2.0,2.4849066497880004,0.0,0.0,vllm:google/gemma-4-31B-it
FT8,FT,supportive_judgment,1,10,oracle_evidence,,False,NFLX,1.0,True,-0.0,0.0,-0.0,0.0,0.0,0.0,-0.0,0.0,-0.0,0.0,conditional,1.0,1.0,1.0,"{""supportive"": 0.0, ""unsupportive"": 0.0, ""conditional"": 1.0, ""insufficient_data"": 0.0}",-0.0,-0.0,10,10,0.0,False,2.0,2.4849066497880004,0.0,0.0,vllm:google/gemma-4-31B-it
FT9,FT,yes_no_mixed,0,10,oracle_evidence,,True,,1.0,True,-0.0,0.0,-0.0,0.0,0.0,0.0,-0.0,0.0,-0.0,0.0,insufficient_data,1.0,1.0,1.0,"{""yes"": 0.0, ""no"": 0.0, ""mixed"": 0.0, ""insufficient_data"": 1.0}",-0.0,-0.0,10,10,0.0,False,2.0,2.4849066497880004,0.0,0.0,vllm:google/gemma-4-31B-it
FT9,FT,yes_no_mixed,1,10,oracle_evidence,,True,,1.0,True,-0.0,0.0,-0.0,0.0,0.0,0.0,-0.0,0.0,-0.0,0.0,insufficient_data,1.0,1.0,1.0,"{""yes"": 0.0, ""no"": 0.0, ""mixed"": 0.0, ""insufficient_data"": 1.0}",-0.0,-0.0,10,10,0.0,False,2.0,2.4849066497880004,0.0,0.0,vllm:google/gemma-4-31B-it
T1,T,screening_top1,0,20,oracle_evidence,,False,APP|INTC|IDXX|SHOP|AAPL,1.0,True,-0.0,0.0,-0.0,0.0,0.0,0.0,-0.0,0.0,-0.0,0.0,APP,0.0,0.0,0.0,"{""APP"": 1.0, ""INTC"": 0.0, ""IDXX"": 0.0, ""SHOP"": 0.0, ""AAPL"": 0.0, ""none_clear"": 0.0}",-0.0,-0.0,20,20,1.0,True,0.0,0.325422400434628,1.0,1.0,vllm:google/gemma-4-31B-it
T1,T,screening_top1,1,20,oracle_evidence,,False,APP|INTC|IDXX|SHOP|AAPL,1.0,True,-0.0,0.0,-0.0,0.0,0.0,0.0,-0.0,0.0,-0.0,0.0,APP,0.0,0.0,0.0,"{""APP"": 1.0, ""INTC"": 0.0, ""IDXX"": 0.0, ""SHOP"": 0.0, ""AAPL"": 0.0, ""none_clear"": 0.0}",-0.0,-0.0,20,20,1.0,True,0.0,0.325422400434628,1.0,1.0,vllm:google/gemma-4-31B-it
T10,T,screening_top1,0,20,oracle_evidence,,False,AAPL|NVDA|INTC|MSFT|TSLA,1.0,True,-0.0,0.0,-0.0,0.0,0.0,0.0,-0.0,0.0,-0.0,0.0,none_clear,1.0,1.0,1.0,"{""AAPL"": 0.0, ""NVDA"": 0.0, ""INTC"": 0.0, ""MSFT"": 0.0, ""TSLA"": 0.0, ""none_clear"": 1.0}",-0.0,-0.0,20,20,0.0,False,2.0,2.890371757896165,0.0,0.0,vllm:google/gemma-4-31B-it
T10,T,screening_top1,1,20,oracle_evidence,,False,AAPL|NVDA|INTC|MSFT|TSLA,1.0,True,-0.0,0.0,-0.0,0.0,0.0,0.0,-0.0,0.0,-0.0,0.0,none_clear,1.0,1.0,1.0,"{""AAPL"": 0.0, ""NVDA"": 0.0, ""INTC"": 0.0, ""MSFT"": 0.0, ""TSLA"": 0.0, ""none_clear"": 1.0}",-0.0,-0.0,20,20,0.0,False,2.0,2.890371757896165,0.0,0.0,vllm:google/gemma-4-31B-it
T11,T,screening_top1,0,20,oracle_evidence,,False,GEHC|GFS|MRVL|KDP,1.0,True,-0.0,0.0,-0.0,0.0,0.0,0.0,-0.0,0.0,-0.0,0.0,GEHC,0.0,0.0,0.0,"{""GEHC"": 1.0, ""GFS"": 0.0, ""MRVL"": 0.0, ""KDP"": 0.0, ""none_clear"": 0.0}",-0.0,-0.0,20,20,1.0,True,0.0,0.31015492830383945,1.0,1.0,vllm:google/gemma-4-31B-it
T11,T,screening_top1,1,20,oracle_evidence,,False,GEHC|GFS|MRVL|KDP,1.0,True,-0.0,0.0,-0.0,0.0,0.0,0.0,-0.0,0.0,-0.0,0.0,GEHC,0.0,0.0,0.0,"{""GEHC"": 1.0, ""GFS"": 0.0, ""MRVL"": 0.0, ""KDP"": 0.0, ""none_clear"": 0.0}",-0.0,-0.0,20,20,1.0,True,0.0,0.31015492830383945,1.0,1.0,vllm:google/gemma-4-31B-it
T12,T,screening_top1,0,20,oracle_evidence,,False,NVDA|AAPL|GOOGL|TSLA|INTC,1.0,True,-0.0,0.0,-0.0,0.0,0.0,0.0,-0.0,0.0,-0.0,0.0,NVDA,0.0,0.0,0.0,"{""NVDA"": 1.0, ""AAPL"": 0.0, ""GOOGL"": 0.0, ""TSLA"": 0.0, ""INTC"": 0.0, ""none_clear"": 0.0}",-0.0,-0.0,20,20,1.0,True,0.0,0.325422400434628,1.0,1.0,vllm:google/gemma-4-31B-it
T12,T,screening_top1,1,20,oracle_evidence,,False,NVDA|AAPL|GOOGL|TSLA|INTC,1.0,True,-0.0,0.0,-0.0,0.0,0.0,0.0,-0.0,0.0,-0.0,0.0,NVDA,0.0,0.0,0.0,"{""NVDA"": 1.0, ""AAPL"": 0.0, ""GOOGL"": 0.0, ""TSLA"": 0.0, ""INTC"": 0.0, ""none_clear"": 0.0}",-0.0,-0.0,20,20,1.0,True,0.0,0.325422400434628,1.0,1.0,vllm:google/gemma-4-31B-it
T13,T,screening_top1,0,20,oracle_evidence,,False,WBD|APP|MU|INTC|LRCX,1.0,True,-0.0,0.0,-0.0,0.0,0.0,0.0,-0.0,0.0,-0.0,0.0,WBD,0.0,0.0,0.0,"{""WBD"": 1.0, ""APP"": 0.0, ""MU"": 0.0, ""INTC"": 0.0, ""LRCX"": 0.0, ""none_clear"": 0.0}",-0.0,-0.0,20,20,1.0,True,0.0,0.325422400434628,1.0,1.0,vllm:google/gemma-4-31B-it
T13,T,screening_top1,1,20,oracle_evidence,,False,WBD|APP|MU|INTC|LRCX,1.0,True,-0.0,0.0,-0.0,0.0,0.0,0.0,-0.0,0.0,-0.0,0.0,WBD,0.0,0.0,0.0,"{""WBD"": 1.0, ""APP"": 0.0, ""MU"": 0.0, ""INTC"": 0.0, ""LRCX"": 0.0, ""none_clear"": 0.0}",-0.0,-0.0,20,20,1.0,True,0.0,0.325422400434628,1.0,1.0,vllm:google/gemma-4-31B-it
T14,T,screening_top1,0,20,oracle_evidence,,False,IDXX|SHOP|MRVL|AXON,1.0,True,-0.0,0.0,-0.0,0.0,0.0,0.0,-0.0,0.0,-0.0,0.0,MRVL,0.0,0.0,0.0,"{""IDXX"": 0.0, ""SHOP"": 0.0, ""MRVL"": 1.0, ""AXON"": 0.0, ""none_clear"": 0.0}",-0.0,-0.0,20,20,0.0,False,2.0,2.70805020110221,0.0,0.0,vllm:google/gemma-4-31B-it
T14,T,screening_top1,1,20,oracle_evidence,,False,IDXX|SHOP|MRVL|AXON,1.0,True,-0.0,0.0,-0.0,0.0,0.0,0.0,-0.0,0.0,-0.0,0.0,MRVL,0.0,0.0,0.0,"{""IDXX"": 0.0, ""SHOP"": 0.0, ""MRVL"": 1.0, ""AXON"": 0.0, ""none_clear"": 0.0}",-0.0,-0.0,20,20,0.0,False,2.0,2.70805020110221,0.0,0.0,vllm:google/gemma-4-31B-it
T16,T,screening_top1,0,20,oracle_evidence,,False,PLTR|APP|SHOP|DASH|AVGO,1.0,True,-0.0,0.0,-0.0,0.0,0.0,0.0,-0.0,0.0,-0.0,0.0,APP,0.0,0.0,0.0,"{""PLTR"": 0.0, ""APP"": 1.0, ""SHOP"": 0.0, ""DASH"": 0.0, ""AVGO"": 0.0, ""none_clear"": 0.0}",-0.0,-0.0,20,20,0.0,False,2.0,2.890371757896165,0.0,0.0,vllm:google/gemma-4-31B-it
T16,T,screening_top1,1,20,oracle_evidence,,False,PLTR|APP|SHOP|DASH|AVGO,1.0,True,0.6730116670092565,0.25020121176909393,0.4228104552401626,0.6855116670092565,0.26270121176909395,0.42281045524016253,0.37561496315083553,0.13963995506433033,0.23597500808650523,0.6282364421987758,APP,0.0,0.0,0.0,"{""PLTR"": 0.0, ""APP"": 0.6, ""SHOP"": 0.4, ""DASH"": 0.0, ""AVGO"": 0.0, ""none_clear"": 0.0}",0.5004024235381879,-0.0,20,20,0.0,False,1.52,2.890371757896165,0.0,0.0,vllm:google/gemma-4-31B-it
T17,T,screening_top1,0,20,oracle_evidence,,False,NVDA|TSLA|MRVL|INTC,1.0,True,-0.0,0.0,-0.0,0.0,0.0,0.0,-0.0,0.0,-0.0,0.0,TSLA,0.0,0.0,0.0,"{""NVDA"": 0.0, ""TSLA"": 1.0, ""MRVL"": 0.0, ""INTC"": 0.0, ""none_clear"": 0.0}",-0.0,-0.0,20,20,0.0,False,2.0,2.70805020110221,0.0,0.0,vllm:google/gemma-4-31B-it
T17,T,screening_top1,1,20,oracle_evidence,,False,NVDA|TSLA|MRVL|INTC,1.0,True,-0.0,0.0,-0.0,0.0,0.0,0.0,-0.0,0.0,-0.0,0.0,TSLA,0.0,0.0,0.0,"{""NVDA"": 0.0, ""TSLA"": 1.0, ""MRVL"": 0.0, ""INTC"": 0.0, ""none_clear"": 0.0}",-0.0,-0.0,20,20,0.0,False,2.0,2.70805020110221,0.0,0.0,vllm:google/gemma-4-31B-it
T19,T,screening_top1,0,20,oracle_evidence,,False,INTC|MRVL|TRI|COST,1.0,True,-0.0,0.0,-0.0,0.0,0.0,0.0,-0.0,0.0,-0.0,0.0,TRI,0.0,0.0,0.0,"{""INTC"": 0.0, ""MRVL"": 0.0, ""TRI"": 1.0, ""COST"": 0.0, ""none_clear"": 0.0}",-0.0,-0.0,20,20,0.0,False,2.0,2.70805020110221,0.0,0.0,vllm:google/gemma-4-31B-it
T19,T,screening_top1,1,20,oracle_evidence,,False,INTC|MRVL|TRI|COST,1.0,True,-0.0,0.0,-0.0,0.0,0.0,0.0,-0.0,0.0,-0.0,0.0,TRI,0.0,0.0,0.0,"{""INTC"": 0.0, ""MRVL"": 0.0, ""TRI"": 1.0, ""COST"": 0.0, ""none_clear"": 0.0}",-0.0,-0.0,20,20,0.0,False,2.0,2.70805020110221,0.0,0.0,vllm:google/gemma-4-31B-it
T2,T,screening_top1,0,20,oracle_evidence,,False,INTC|MU|LRCX|APP|MRVL,1.0,True,-0.0,0.0,-0.0,0.0,0.0,0.0,-0.0,0.0,-0.0,0.0,MU,0.0,0.0,0.0,"{""INTC"": 0.0, ""MU"": 1.0, ""LRCX"": 0.0, ""APP"": 0.0, ""MRVL"": 0.0, ""none_clear"": 0.0}",-0.0,-0.0,20,20,0.0,False,2.0,2.890371757896165,0.0,0.0,vllm:google/gemma-4-31B-it
T2,T,screening_top1,1,20,oracle_evidence,,False,INTC|MU|LRCX|APP|MRVL,1.0,True,-0.0,0.0,-0.0,0.0,0.0,0.0,-0.0,0.0,-0.0,0.0,MU,0.0,0.0,0.0,"{""INTC"": 0.0, ""MU"": 1.0, ""LRCX"": 0.0, ""APP"": 0.0, ""MRVL"": 0.0, ""none_clear"": 0.0}",-0.0,-0.0,20,20,0.0,False,2.0,2.890371757896165,0.0,0.0,vllm:google/gemma-4-31B-it
T20,T,screening_top1,0,20,oracle_evidence,,False,TXN|KDP|TTD|MRVL,1.0,True,0.6931471805599453,0.0,0.6931471805599453,0.7056471805599452,0.0,0.7056471805599452,0.43067655807339306,0.0,0.43067655807339306,1.0,KDP,0.0,0.0,0.0,"{""TXN"": 0.0, ""KDP"": 0.5, ""TTD"": 0.5, ""MRVL"": 0.0, ""none_clear"": 0.0}",-0.0,-0.0,20,20,0.0,False,1.5,2.70805020110221,0.0,0.0,vllm:google/gemma-4-31B-it
T20,T,screening_top1,1,20,oracle_evidence,,False,TXN|KDP|TTD|MRVL,1.0,True,0.6931471805599453,0.0,0.6931471805599453,0.7056471805599452,0.0,0.7056471805599452,0.43067655807339306,0.0,0.43067655807339306,1.0,KDP,0.0,0.0,0.0,"{""TXN"": 0.0, ""KDP"": 0.5, ""TTD"": 0.5, ""MRVL"": 0.0, ""none_clear"": 0.0}",-0.0,-0.0,20,20,0.0,False,1.5,2.70805020110221,0.0,0.0,vllm:google/gemma-4-31B-it
T21,T,screening_top1,0,20,oracle_evidence,,False,INTC|MU|LRCX|AMAT|MRVL,1.0,True,-0.0,0.0,-0.0,0.0,0.0,0.0,-0.0,0.0,-0.0,0.0,MU,0.0,0.0,0.0,"{""INTC"": 0.0, ""MU"": 1.0, ""LRCX"": 0.0, ""AMAT"": 0.0, ""MRVL"": 0.0, ""none_clear"": 0.0}",-0.0,-0.0,20,20,0.0,False,2.0,2.890371757896165,0.0,0.0,vllm:google/gemma-4-31B-it
T21,T,screening_top1,1,20,oracle_evidence,,False,INTC|MU|LRCX|AMAT|MRVL,1.0,True,0.6931471805599453,0.0,0.6931471805599453,0.7056471805599452,0.0,0.7056471805599452,0.3868528072345416,0.0,0.3868528072345416,1.0,MU,0.0,0.0,0.0,"{""INTC"": 0.0, ""MU"": 0.5, ""LRCX"": 0.0, ""AMAT"": 0.5, ""MRVL"": 0.0, ""none_clear"": 0.0}",-0.0,-0.0,20,20,0.0,False,1.5,2.890371757896165,0.0,0.0,vllm:google/gemma-4-31B-it
T22,T,screening_top1,0,20,oracle_evidence,,False,APP|KLAC|ASML|LRCX|AAPL,1.0,True,-0.0,0.0,-0.0,0.0,0.0,0.0,-0.0,0.0,-0.0,0.0,KLAC,0.0,0.0,0.0,"{""APP"": 0.0, ""KLAC"": 1.0, ""ASML"": 0.0, ""LRCX"": 0.0, ""AAPL"": 0.0, ""none_clear"": 0.0}",-0.0,-0.0,20,20,0.0,False,2.0,2.890371757896165,0.0,0.0,vllm:google/gemma-4-31B-it
T22,T,screening_top1,1,20,oracle_evidence,,False,APP|KLAC|ASML|LRCX|AAPL,1.0,True,0.6918966592050799,0.0992576216729363,0.5926390375321436,0.7043966592050799,0.11175762167293629,0.5926390375321435,0.38615487797766196,0.05539673342186913,0.33075814455579283,0.8565427071334998,KLAC,0.0,0.0,0.0,"{""APP"": 0.475, ""KLAC"": 0.525, ""ASML"": 0.0, ""LRCX"": 0.0, ""AAPL"": 0.0, ""none_clear"": 0.0}",0.1985152433458726,-0.0,20,20,0.475,False,0.55125,0.9882642314992445,0.95,0.0,vllm:google/gemma-4-31B-it
T23,T,screening_top1,0,20,oracle_evidence,,False,MU|ISRG|INTC|KDP,1.0,True,-0.0,0.0,-0.0,0.0,0.0,0.0,-0.0,0.0,-0.0,0.0,none_clear,1.0,1.0,1.0,"{""MU"": 0.0, ""ISRG"": 0.0, ""INTC"": 0.0, ""KDP"": 0.0, ""none_clear"": 1.0}",-0.0,-0.0,20,20,0.0,False,2.0,2.70805020110221,0.0,0.0,vllm:google/gemma-4-31B-it
T23,T,screening_top1,1,20,oracle_evidence,,False,MU|ISRG|INTC|KDP,1.0,True,-0.0,0.0,-0.0,0.0,0.0,0.0,-0.0,0.0,-0.0,0.0,none_clear,1.0,1.0,1.0,"{""MU"": 0.0, ""ISRG"": 0.0, ""INTC"": 0.0, ""KDP"": 0.0, ""none_clear"": 1.0}",-0.0,-0.0,20,20,0.0,False,2.0,2.70805020110221,0.0,0.0,vllm:google/gemma-4-31B-it
T24,T,screening_top1,0,20,oracle_evidence,,False,APP|LRCX|MNST|INTC,1.0,True,0.2663844632679204,0.21135454390299543,0.05502991936492499,0.27888446326792043,0.22385454390299545,0.05502991936492499,0.16551397305227067,0.13132196170484428,0.03419201134742639,0.20658081439823978,none_clear,0.925,0.85,1.0,"{""APP"": 0.075, ""LRCX"": 0.0, ""MNST"": 0.0, ""INTC"": 0.0, ""none_clear"": 0.925}",0.42270908780599087,-0.0,20,20,0.075,False,1.7112500000000002,2.1484344131667874,0.15,0.0,vllm:google/gemma-4-31B-it
T24,T,screening_top1,1,20,oracle_evidence,,False,APP|LRCX|MNST|INTC,1.0,True,-0.0,0.0,-0.0,0.0,0.0,0.0,-0.0,0.0,-0.0,0.0,none_clear,1.0,1.0,1.0,"{""APP"": 0.0, ""LRCX"": 0.0, ""MNST"": 0.0, ""INTC"": 0.0, ""none_clear"": 1.0}",-0.0,-0.0,20,20,0.0,False,2.0,2.70805020110221,0.0,0.0,vllm:google/gemma-4-31B-it
T27,T,screening_top1,0,20,oracle_evidence,,False,MU|WBD|APP|LRCX,1.0,True,-0.0,0.0,-0.0,0.0,0.0,0.0,-0.0,0.0,-0.0,0.0,LRCX,0.0,0.0,0.0,"{""MU"": 0.0, ""WBD"": 0.0, ""APP"": 0.0, ""LRCX"": 1.0, ""none_clear"": 0.0}",-0.0,-0.0,20,20,0.0,False,2.0,2.70805020110221,0.0,0.0,vllm:google/gemma-4-31B-it
T27,T,screening_top1,1,20,oracle_evidence,,False,MU|WBD|APP|LRCX,1.0,True,0.1985152433458726,0.1625414866957241,0.035973756650148486,0.2110152433458726,0.1750414866957241,0.035973756650148486,0.12334445573339317,0.10099270399930975,0.02235175173408341,0.18121407728610292,LRCX,0.0,0.0,0.0,"{""MU"": 0.05, ""WBD"": 0.0, ""APP"": 0.0, ""LRCX"": 0.95, ""none_clear"": 0.0}",-0.0,0.3250829733914482,20,20,0.05,False,1.805,2.3025850929940455,0.0,0.1,vllm:google/gemma-4-31B-it
T29,T,screening_top1,0,20,oracle_evidence,,False,INTC|MU|LRCX|APP|MRVL,1.0,True,-0.0,0.0,-0.0,0.0,0.0,0.0,-0.0,0.0,-0.0,0.0,MU,0.0,0.0,0.0,"{""INTC"": 0.0, ""MU"": 1.0, ""LRCX"": 0.0, ""APP"": 0.0, ""MRVL"": 0.0, ""none_clear"": 0.0}",-0.0,-0.0,20,20,0.0,False,2.0,2.890371757896165,0.0,0.0,vllm:google/gemma-4-31B-it
T29,T,screening_top1,1,20,oracle_evidence,,False,INTC|MU|LRCX|APP|MRVL,1.0,True,-0.0,0.0,-0.0,0.0,0.0,0.0,-0.0,0.0,-0.0,0.0,MU,0.0,0.0,0.0,"{""INTC"": 0.0, ""MU"": 1.0, ""LRCX"": 0.0, ""APP"": 0.0, ""MRVL"": 0.0, ""none_clear"": 0.0}",-0.0,-0.0,20,20,0.0,False,2.0,2.890371757896165,0.0,0.0,vllm:google/gemma-4-31B-it
T3,T,screening_top1,0,20,oracle_evidence,,False,PLTR|APP|DASH|WBD|CRWD,1.0,True,-0.0,0.0,-0.0,0.0,0.0,0.0,-0.0,0.0,-0.0,0.0,PLTR,0.0,0.0,0.0,"{""PLTR"": 1.0, ""APP"": 0.0, ""DASH"": 0.0, ""WBD"": 0.0, ""CRWD"": 0.0, ""none_clear"": 0.0}",-0.0,-0.0,20,20,1.0,True,0.0,0.325422400434628,1.0,1.0,vllm:google/gemma-4-31B-it
T3,T,screening_top1,1,20,oracle_evidence,,False,PLTR|APP|DASH|WBD|CRWD,1.0,True,-0.0,0.0,-0.0,0.0,0.0,0.0,-0.0,0.0,-0.0,0.0,PLTR,0.0,0.0,0.0,"{""PLTR"": 1.0, ""APP"": 0.0, ""DASH"": 0.0, ""WBD"": 0.0, ""CRWD"": 0.0, ""none_clear"": 0.0}",-0.0,-0.0,20,20,1.0,True,0.0,0.325422400434628,1.0,1.0,vllm:google/gemma-4-31B-it
T31,T,screening_top1,0,20,oracle_evidence,,False,APP|WBD|CMCSA|MU,1.0,True,-0.0,0.0,-0.0,0.0,0.0,0.0,-0.0,0.0,-0.0,0.0,APP,0.0,0.0,0.0,"{""APP"": 1.0, ""WBD"": 0.0, ""CMCSA"": 0.0, ""MU"": 0.0, ""none_clear"": 0.0}",-0.0,-0.0,20,20,1.0,True,0.0,0.31015492830383945,1.0,1.0,vllm:google/gemma-4-31B-it
T31,T,screening_top1,1,20,oracle_evidence,,False,APP|WBD|CMCSA|MU,1.0,True,0.9433483923290392,0.25020121176909393,0.6931471805599453,0.9683483923290392,0.26270121176909395,0.7056471805599454,0.5861353116146786,0.15545875354128558,0.43067655807339306,0.7347732674337097,WBD,0.0,0.0,0.0,"{""APP"": 0.1, ""WBD"": 0.5, ""CMCSA"": 0.0, ""MU"": 0.4, ""none_clear"": 0.0}",0.5004024235381879,-0.0,20,20,0.1,False,1.2200000000000002,2.0149030205422647,0.2,0.0,vllm:google/gemma-4-31B-it
T32,T,screening_top1,0,20,oracle_evidence,,False,APP|TSLA|INTC|PLTR|LRCX,1.0,True,-0.0,0.0,-0.0,0.0,0.0,0.0,-0.0,0.0,-0.0,0.0,APP,0.0,0.0,0.0,"{""APP"": 1.0, ""TSLA"": 0.0, ""INTC"": 0.0, ""PLTR"": 0.0, ""LRCX"": 0.0, ""none_clear"": 0.0}",-0.0,-0.0,20,20,1.0,True,0.0,0.325422400434628,1.0,1.0,vllm:google/gemma-4-31B-it
T32,T,screening_top1,1,20,oracle_evidence,,False,APP|TSLA|INTC|PLTR|LRCX,1.0,True,-0.0,0.0,-0.0,0.0,0.0,0.0,-0.0,0.0,-0.0,0.0,APP,0.0,0.0,0.0,"{""APP"": 1.0, ""TSLA"": 0.0, ""INTC"": 0.0, ""PLTR"": 0.0, ""LRCX"": 0.0, ""none_clear"": 0.0}",-0.0,-0.0,20,20,1.0,True,0.0,0.325422400434628,1.0,1.0,vllm:google/gemma-4-31B-it
T33,T,screening_top1,0,20,oracle_evidence,,False,APP|GOOGL|IDXX|INTC,1.0,True,-0.0,0.0,-0.0,0.0,0.0,0.0,-0.0,0.0,-0.0,0.0,APP,0.0,0.0,0.0,"{""APP"": 1.0, ""GOOGL"": 0.0, ""IDXX"": 0.0, ""INTC"": 0.0, ""none_clear"": 0.0}",-0.0,-0.0,20,20,1.0,True,0.0,0.31015492830383945,1.0,1.0,vllm:google/gemma-4-31B-it
T33,T,screening_top1,1,20,oracle_evidence,,False,APP|GOOGL|IDXX|INTC,1.0,True,-0.0,0.0,-0.0,0.0,0.0,0.0,-0.0,0.0,-0.0,0.0,APP,0.0,0.0,0.0,"{""APP"": 1.0, ""GOOGL"": 0.0, ""IDXX"": 0.0, ""INTC"": 0.0, ""none_clear"": 0.0}",-0.0,-0.0,20,20,1.0,True,0.0,0.31015492830383945,1.0,1.0,vllm:google/gemma-4-31B-it
T34,T,screening_top1,0,20,oracle_evidence,,False,CPRT|TSLA|ASML|APP,1.0,True,-0.0,0.0,-0.0,0.0,0.0,0.0,-0.0,0.0,-0.0,0.0,CPRT,0.0,0.0,0.0,"{""CPRT"": 1.0, ""TSLA"": 0.0, ""ASML"": 0.0, ""APP"": 0.0, ""none_clear"": 0.0}",-0.0,-0.0,20,20,1.0,True,0.0,0.31015492830383945,1.0,1.0,vllm:google/gemma-4-31B-it
T34,T,screening_top1,1,20,oracle_evidence,,False,CPRT|TSLA|ASML|APP,1.0,True,-0.0,0.0,-0.0,0.0,0.0,0.0,-0.0,0.0,-0.0,0.0,CPRT,0.0,0.0,0.0,"{""CPRT"": 1.0, ""TSLA"": 0.0, ""ASML"": 0.0, ""APP"": 0.0, ""none_clear"": 0.0}",-0.0,-0.0,20,20,1.0,True,0.0,0.31015492830383945,1.0,1.0,vllm:google/gemma-4-31B-it
T35,T,screening_top1,0,20,oracle_evidence,,False,TRI|TEAM|WBD|AVGO,1.0,True,-0.0,0.0,-0.0,0.0,0.0,0.0,-0.0,0.0,-0.0,0.0,TRI,0.0,0.0,0.0,"{""TRI"": 1.0, ""TEAM"": 0.0, ""WBD"": 0.0, ""AVGO"": 0.0, ""none_clear"": 0.0}",-0.0,-0.0,20,20,1.0,True,0.0,0.31015492830383945,1.0,1.0,vllm:google/gemma-4-31B-it
T35,T,screening_top1,1,20,oracle_evidence,,False,TRI|TEAM|WBD|AVGO,1.0,True,0.6305810283860147,0.32372331951731625,0.30685770886869845,0.6430810283860147,0.33622331951731627,0.3068577088686984,0.3918020220067572,0.201140607547712,0.19066141445904516,0.48662692826980086,TRI,0.325,0.0,0.65,"{""TRI"": 0.675, ""TEAM"": 0.0, ""WBD"": 0.0, ""AVGO"": 0.0, ""none_clear"": 0.325}",-0.0,0.6474466390346325,20,20,0.675,True,0.21125,0.6603573577369544,1.0,0.35,vllm:google/gemma-4-31B-it
T37,T,screening_top1,0,20,oracle_evidence,,False,KDP|MRVL|TXN|TTD,1.0,True,-0.0,0.0,-0.0,0.0,0.0,0.0,-0.0,0.0,-0.0,0.0,TTD,0.0,0.0,0.0,"{""KDP"": 0.0, ""MRVL"": 0.0, ""TXN"": 0.0, ""TTD"": 1.0, ""none_clear"": 0.0}",-0.0,-0.0,20,20,0.0,False,2.0,2.70805020110221,0.0,0.0,vllm:google/gemma-4-31B-it
T37,T,screening_top1,1,20,oracle_evidence,,False,KDP|MRVL|TXN|TTD,1.0,True,-0.0,0.0,-0.0,0.0,0.0,0.0,-0.0,0.0,-0.0,0.0,TTD,0.0,0.0,0.0,"{""KDP"": 0.0, ""MRVL"": 0.0, ""TXN"": 0.0, ""TTD"": 1.0, ""none_clear"": 0.0}",-0.0,-0.0,20,20,0.0,False,2.0,2.70805020110221,0.0,0.0,vllm:google/gemma-4-31B-it
T38,T,screening_top1,0,20,oracle_evidence,,False,APP|LRCX|INTC|MU,1.0,True,0.2663844632679204,0.21135454390299543,0.05502991936492499,0.27888446326792043,0.22385454390299545,0.05502991936492499,0.16551397305227067,0.13132196170484428,0.03419201134742639,0.20658081439823978,MU,0.0,0.0,0.0,"{""APP"": 0.075, ""LRCX"": 0.0, ""INTC"": 0.0, ""MU"": 0.925, ""none_clear"": 0.0}",0.42270908780599087,-0.0,20,20,0.075,False,1.7112500000000002,2.1484344131667874,0.15,0.0,vllm:google/gemma-4-31B-it
T38,T,screening_top1,1,20,oracle_evidence,,False,APP|LRCX|INTC|MU,1.0,True,0.6818546087307834,0.21135454390299543,0.47050006482778794,0.6943546087307834,0.22385454390299545,0.47050006482778794,0.42366008869491106,0.13132196170484428,0.2923381269900667,0.6900298961146355,MU,0.0,0.0,0.0,"{""APP"": 0.425, ""LRCX"": 0.0, ""INTC"": 0.0, ""MU"": 0.575, ""none_clear"": 0.0}",0.42270908780599087,-0.0,20,20,0.425,False,0.6612499999999999,1.0498221244986778,0.85,0.0,vllm:google/gemma-4-31B-it
T4,T,screening_top1,0,20,oracle_evidence,,False,SHOP|WBD|XEL|INTC,1.0,True,-0.0,0.0,-0.0,0.0,0.0,0.0,-0.0,0.0,-0.0,0.0,WBD,0.0,0.0,0.0,"{""SHOP"": 0.0, ""WBD"": 1.0, ""XEL"": 0.0, ""INTC"": 0.0, ""none_clear"": 0.0}",-0.0,-0.0,20,20,0.0,False,2.0,2.70805020110221,0.0,0.0,vllm:google/gemma-4-31B-it
T4,T,screening_top1,1,20,oracle_evidence,,False,SHOP|WBD|XEL|INTC,1.0,True,-0.0,0.0,-0.0,0.0,0.0,0.0,-0.0,0.0,-0.0,0.0,WBD,0.0,0.0,0.0,"{""SHOP"": 0.0, ""WBD"": 1.0, ""XEL"": 0.0, ""INTC"": 0.0, ""none_clear"": 0.0}",-0.0,-0.0,20,20,0.0,False,2.0,2.70805020110221,0.0,0.0,vllm:google/gemma-4-31B-it
T40,T,screening_top1,0,20,oracle_evidence,,False,PLTR|AMD|AVGO|LULU,1.0,True,-0.0,0.0,-0.0,0.0,0.0,0.0,-0.0,0.0,-0.0,0.0,none_clear,1.0,1.0,1.0,"{""PLTR"": 0.0, ""AMD"": 0.0, ""AVGO"": 0.0, ""LULU"": 0.0, ""none_clear"": 1.0}",-0.0,-0.0,20,20,0.0,False,2.0,2.70805020110221,0.0,0.0,vllm:google/gemma-4-31B-it
T40,T,screening_top1,1,20,oracle_evidence,,False,PLTR|AMD|AVGO|LULU,1.0,True,-0.0,0.0,-0.0,0.0,0.0,0.0,-0.0,0.0,-0.0,0.0,none_clear,1.0,1.0,1.0,"{""PLTR"": 0.0, ""AMD"": 0.0, ""AVGO"": 0.0, ""LULU"": 0.0, ""none_clear"": 1.0}",-0.0,-0.0,20,20,0.0,False,2.0,2.70805020110221,0.0,0.0,vllm:google/gemma-4-31B-it
T41,T,screening_top1,0,20,oracle_evidence,,False,APP|INTC|MRVL|WBD,1.0,True,-0.0,0.0,-0.0,0.0,0.0,0.0,-0.0,0.0,-0.0,0.0,APP,0.0,0.0,0.0,"{""APP"": 1.0, ""INTC"": 0.0, ""MRVL"": 0.0, ""WBD"": 0.0, ""none_clear"": 0.0}",-0.0,-0.0,20,20,1.0,True,0.0,0.31015492830383945,1.0,1.0,vllm:google/gemma-4-31B-it
T41,T,screening_top1,1,20,oracle_evidence,,False,APP|INTC|MRVL|WBD,1.0,True,-0.0,0.0,-0.0,0.0,0.0,0.0,-0.0,0.0,-0.0,0.0,APP,0.0,0.0,0.0,"{""APP"": 1.0, ""INTC"": 0.0, ""MRVL"": 0.0, ""WBD"": 0.0, ""none_clear"": 0.0}",-0.0,-0.0,20,20,1.0,True,0.0,0.31015492830383945,1.0,1.0,vllm:google/gemma-4-31B-it
T42,T,screening_top1,0,20,oracle_evidence,,False,APP|MELI|GOOGL|INTC,1.0,True,0.6931471805599453,0.0,0.6931471805599453,0.7056471805599452,0.0,0.7056471805599452,0.43067655807339306,0.0,0.43067655807339306,1.0,APP,0.0,0.0,0.0,"{""APP"": 0.5, ""MELI"": 0.0, ""GOOGL"": 0.0, ""INTC"": 0.5, ""none_clear"": 0.0}",-0.0,-0.0,20,20,0.5,True,0.5,0.916290731874155,1.0,0.0,vllm:google/gemma-4-31B-it
T42,T,screening_top1,1,20,oracle_evidence,,False,APP|MELI|GOOGL|INTC,1.0,True,0.6931471805599453,0.0,0.6931471805599453,0.7056471805599452,0.0,0.7056471805599452,0.43067655807339306,0.0,0.43067655807339306,1.0,APP,0.0,0.0,0.0,"{""APP"": 0.5, ""MELI"": 0.0, ""GOOGL"": 0.0, ""INTC"": 0.5, ""none_clear"": 0.0}",-0.0,-0.0,20,20,0.5,True,0.5,0.916290731874155,1.0,0.0,vllm:google/gemma-4-31B-it
T44,T,screening_top1,0,20,oracle_evidence,,False,INTC|ASML|TRI|MRVL,1.0,True,-0.0,0.0,-0.0,0.0,0.0,0.0,-0.0,0.0,-0.0,0.0,TRI,0.0,0.0,0.0,"{""INTC"": 0.0, ""ASML"": 0.0, ""TRI"": 1.0, ""MRVL"": 0.0, ""none_clear"": 0.0}",-0.0,-0.0,20,20,0.0,False,2.0,2.70805020110221,0.0,0.0,vllm:google/gemma-4-31B-it
T44,T,screening_top1,1,20,oracle_evidence,,False,INTC|ASML|TRI|MRVL,1.0,True,-0.0,0.0,-0.0,0.0,0.0,0.0,-0.0,0.0,-0.0,0.0,TRI,0.0,0.0,0.0,"{""INTC"": 0.0, ""ASML"": 0.0, ""TRI"": 1.0, ""MRVL"": 0.0, ""none_clear"": 0.0}",-0.0,-0.0,20,20,0.0,False,2.0,2.70805020110221,0.0,0.0,vllm:google/gemma-4-31B-it
T45,T,screening_top1,0,20,oracle_evidence,,False,IDXX|SHOP|MRVL|AXON,1.0,True,0.1985152433458726,0.1625414866957241,0.035973756650148486,0.2110152433458726,0.1750414866957241,0.035973756650148486,0.12334445573339317,0.10099270399930975,0.02235175173408341,0.18121407728610292,MRVL,0.05,0.1,0.0,"{""IDXX"": 0.0, ""SHOP"": 0.0, ""MRVL"": 0.95, ""AXON"": 0.0, ""none_clear"": 0.05}",0.3250829733914482,-0.0,20,20,0.0,False,1.9049999999999998,2.70805020110221,0.0,0.0,vllm:google/gemma-4-31B-it
T45,T,screening_top1,1,20,oracle_evidence,,False,IDXX|SHOP|MRVL|AXON,1.0,True,-0.0,0.0,-0.0,0.0,0.0,0.0,-0.0,0.0,-0.0,0.0,MRVL,0.0,0.0,0.0,"{""IDXX"": 0.0, ""SHOP"": 0.0, ""MRVL"": 1.0, ""AXON"": 0.0, ""none_clear"": 0.0}",-0.0,-0.0,20,20,0.0,False,2.0,2.70805020110221,0.0,0.0,vllm:google/gemma-4-31B-it
T46,T,screening_top1,0,20,oracle_evidence,,False,WBD|APP|INTC|LRCX|MU,1.0,True,-0.0,0.0,-0.0,0.0,0.0,0.0,-0.0,0.0,-0.0,0.0,APP,0.0,0.0,0.0,"{""WBD"": 0.0, ""APP"": 1.0, ""INTC"": 0.0, ""LRCX"": 0.0, ""MU"": 0.0, ""none_clear"": 0.0}",-0.0,-0.0,20,20,0.0,False,2.0,2.890371757896165,0.0,0.0,vllm:google/gemma-4-31B-it
T46,T,screening_top1,1,20,oracle_evidence,,False,WBD|APP|INTC|LRCX|MU,1.0,True,-0.0,0.0,-0.0,0.0,0.0,0.0,-0.0,0.0,-0.0,0.0,APP,0.0,0.0,0.0,"{""WBD"": 0.0, ""APP"": 1.0, ""INTC"": 0.0, ""LRCX"": 0.0, ""MU"": 0.0, ""none_clear"": 0.0}",-0.0,-0.0,20,20,0.0,False,2.0,2.890371757896165,0.0,0.0,vllm:google/gemma-4-31B-it
T47,T,screening_top1,0,20,oracle_evidence,,False,CMCSA|TEAM|KDP|TRI,1.0,True,0.6931471805599453,0.0,0.6931471805599453,0.7056471805599452,0.0,0.7056471805599452,0.43067655807339306,0.0,0.43067655807339306,1.0,KDP,0.0,0.0,0.0,"{""CMCSA"": 0.0, ""TEAM"": 0.0, ""KDP"": 0.5, ""TRI"": 0.5, ""none_clear"": 0.0}",-0.0,-0.0,20,20,0.0,False,1.5,2.70805020110221,0.0,0.0,vllm:google/gemma-4-31B-it
T47,T,screening_top1,1,20,oracle_evidence,,False,CMCSA|TEAM|KDP|TRI,1.0,True,0.9743147528693494,0.28116757230940415,0.6931471805599453,0.9993147528693495,0.29366757230940416,0.7056471805599454,0.6053757932145416,0.17469923514114855,0.43067655807339306,0.7114201837944383,TEAM,0.375,0.0,0.75,"{""CMCSA"": 0.0, ""TEAM"": 0.5, ""KDP"": 0.125, ""TRI"": 0.0, ""none_clear"": 0.375}",-0.0,0.5623351446188083,20,20,0.0,False,1.40625,2.70805020110221,0.0,0.0,vllm:google/gemma-4-31B-it
T48,T,screening_top1,0,20,oracle_evidence,,False,INTC|WBD|AMAT|CMCSA,1.0,True,-0.0,0.0,-0.0,0.0,0.0,0.0,-0.0,0.0,-0.0,0.0,AMAT,0.0,0.0,0.0,"{""INTC"": 0.0, ""WBD"": 0.0, ""AMAT"": 1.0, ""CMCSA"": 0.0, ""none_clear"": 0.0}",-0.0,-0.0,20,20,0.0,False,2.0,2.70805020110221,0.0,0.0,vllm:google/gemma-4-31B-it
T48,T,screening_top1,1,20,oracle_evidence,,False,INTC|WBD|AMAT|CMCSA,1.0,True,0.11690684913753106,0.0992576216729363,0.01764922746459477,0.12940684913753106,0.11175762167293629,0.01764922746459477,0.07263830945843827,0.061672227866696586,0.010966081591741695,0.15096829308804602,AMAT,0.0,0.0,0.0,"{""INTC"": 0.025, ""WBD"": 0.0, ""AMAT"": 0.975, ""CMCSA"": 0.0, ""none_clear"": 0.0}",0.1985152433458726,-0.0,20,20,0.025,False,1.9012499999999999,2.4849066497880004,0.05,0.0,vllm:google/gemma-4-31B-it
T49,T,screening_top1,0,20,oracle_evidence,,False,NVDA|LRCX|KLAC|APP,1.0,True,0.6931471805599453,0.0,0.6931471805599453,0.7056471805599452,0.0,0.7056471805599452,0.43067655807339306,0.0,0.43067655807339306,1.0,NVDA,0.0,0.0,0.0,"{""NVDA"": 0.5, ""LRCX"": 0.5, ""KLAC"": 0.0, ""APP"": 0.0, ""none_clear"": 0.0}",-0.0,-0.0,20,20,0.5,True,0.5,0.916290731874155,1.0,0.0,vllm:google/gemma-4-31B-it
T49,T,screening_top1,1,20,oracle_evidence,,False,NVDA|LRCX|KLAC|APP,1.0,True,0.6931471805599453,0.0,0.6931471805599453,0.7056471805599452,0.0,0.7056471805599452,0.43067655807339306,0.0,0.43067655807339306,1.0,NVDA,0.0,0.0,0.0,"{""NVDA"": 0.5, ""LRCX"": 0.5, ""KLAC"": 0.0, ""APP"": 0.0, ""none_clear"": 0.0}",-0.0,-0.0,20,20,0.5,True,0.5,0.916290731874155,1.0,0.0,vllm:google/gemma-4-31B-it
T50,T,screening_top1,0,20,oracle_evidence,,False,LRCX|AMAT|MU|WBD|APP,1.0,True,-0.0,0.0,-0.0,0.0,0.0,0.0,-0.0,0.0,-0.0,0.0,LRCX,0.0,0.0,0.0,"{""LRCX"": 1.0, ""AMAT"": 0.0, ""MU"": 0.0, ""WBD"": 0.0, ""APP"": 0.0, ""none_clear"": 0.0}",-0.0,-0.0,20,20,1.0,True,0.0,0.325422400434628,1.0,1.0,vllm:google/gemma-4-31B-it
T50,T,screening_top1,1,20,oracle_evidence,,False,LRCX|AMAT|MU|WBD|APP,1.0,True,-0.0,0.0,-0.0,0.0,0.0,0.0,-0.0,0.0,-0.0,0.0,LRCX,0.0,0.0,0.0,"{""LRCX"": 1.0, ""AMAT"": 0.0, ""MU"": 0.0, ""WBD"": 0.0, ""APP"": 0.0, ""none_clear"": 0.0}",-0.0,-0.0,20,20,1.0,True,0.0,0.325422400434628,1.0,1.0,vllm:google/gemma-4-31B-it
T6,T,screening_top1,0,20,oracle_evidence,,False,EA|INTC|MSTR|CPRT,1.0,True,0.5623351446188083,0.34657359027997264,0.21576155433883565,0.5748351446188082,0.35907359027997265,0.2157615543388356,0.3493984702822971,0.21533827903669653,0.1340601912456006,0.3836885465963443,EA,0.0,0.0,0.0,"{""EA"": 0.75, ""INTC"": 0.0, ""MSTR"": 0.25, ""CPRT"": 0.0, ""none_clear"": 0.0}",-0.0,0.6931471805599453,20,20,0.75,True,0.125,0.5679840376059393,1.0,0.5,vllm:google/gemma-4-31B-it
T6,T,screening_top1,1,20,oracle_evidence,,False,EA|INTC|MSTR|CPRT,1.0,True,-0.0,0.0,-0.0,0.0,0.0,0.0,-0.0,0.0,-0.0,0.0,EA,0.0,0.0,0.0,"{""EA"": 1.0, ""INTC"": 0.0, ""MSTR"": 0.0, ""CPRT"": 0.0, ""none_clear"": 0.0}",-0.0,-0.0,20,20,1.0,True,0.0,0.31015492830383945,1.0,1.0,vllm:google/gemma-4-31B-it
T7,T,screening_top1,0,20,oracle_evidence,,False,ON|NVDA|AAPL|MSFT,1.0,True,-0.0,0.0,-0.0,0.0,0.0,0.0,-0.0,0.0,-0.0,0.0,MSFT,0.0,0.0,0.0,"{""ON"": 0.0, ""NVDA"": 0.0, ""AAPL"": 0.0, ""MSFT"": 1.0, ""none_clear"": 0.0}",-0.0,-0.0,20,20,0.0,False,2.0,2.70805020110221,0.0,0.0,vllm:google/gemma-4-31B-it
T7,T,screening_top1,1,20,oracle_evidence,,False,ON|NVDA|AAPL|MSFT,1.0,True,-0.0,0.0,-0.0,0.0,0.0,0.0,-0.0,0.0,-0.0,0.0,MSFT,0.0,0.0,0.0,"{""ON"": 0.0, ""NVDA"": 0.0, ""AAPL"": 0.0, ""MSFT"": 1.0, ""none_clear"": 0.0}",-0.0,-0.0,20,20,0.0,False,2.0,2.70805020110221,0.0,0.0,vllm:google/gemma-4-31B-it
T8,T,screening_top1,0,20,oracle_evidence,,False,APP|TSLA|COST|TTD,1.0,True,-0.0,0.0,-0.0,0.0,0.0,0.0,-0.0,0.0,-0.0,0.0,APP,0.0,0.0,0.0,"{""APP"": 1.0, ""TSLA"": 0.0, ""COST"": 0.0, ""TTD"": 0.0, ""none_clear"": 0.0}",-0.0,-0.0,20,20,1.0,True,0.0,0.31015492830383945,1.0,1.0,vllm:google/gemma-4-31B-it
T8,T,screening_top1,1,20,oracle_evidence,,False,APP|TSLA|COST|TTD,1.0,True,-0.0,0.0,-0.0,0.0,0.0,0.0,-0.0,0.0,-0.0,0.0,APP,0.0,0.0,0.0,"{""APP"": 1.0, ""TSLA"": 0.0, ""COST"": 0.0, ""TTD"": 0.0, ""none_clear"": 0.0}",-0.0,-0.0,20,20,1.0,True,0.0,0.31015492830383945,1.0,1.0,vllm:google/gemma-4-31B-it
T9,T,screening_top1,0,20,oracle_evidence,,False,TSLA|INTC|LRCX|NVDA,1.0,True,-0.0,0.0,-0.0,0.0,0.0,0.0,-0.0,0.0,-0.0,0.0,NVDA,0.0,0.0,0.0,"{""TSLA"": 0.0, ""INTC"": 0.0, ""LRCX"": 0.0, ""NVDA"": 1.0, ""none_clear"": 0.0}",-0.0,-0.0,20,20,0.0,False,2.0,2.70805020110221,0.0,0.0,vllm:google/gemma-4-31B-it
T9,T,screening_top1,1,20,oracle_evidence,,False,TSLA|INTC|LRCX|NVDA,1.0,True,-0.0,0.0,-0.0,0.0,0.0,0.0,-0.0,0.0,-0.0,0.0,NVDA,0.0,0.0,0.0,"{""TSLA"": 0.0, ""INTC"": 0.0, ""LRCX"": 0.0, ""NVDA"": 1.0, ""none_clear"": 0.0}",-0.0,-0.0,20,20,0.0,False,2.0,2.70805020110221,0.0,0.0,vllm:google/gemma-4-31B-it
